-- phpMyAdmin SQL Dump
-- version 5.2.1
-- https://www.phpmyadmin.net/
--
-- Host: 127.0.0.1
-- Generation Time: Nov 05, 2024 at 09:52 AM
-- Server version: 10.4.32-MariaDB
-- PHP Version: 8.2.12

SET SQL_MODE = "NO_AUTO_VALUE_ON_ZERO";
START TRANSACTION;
SET time_zone = "+00:00";


/*!40101 SET @OLD_CHARACTER_SET_CLIENT=@@CHARACTER_SET_CLIENT */;
/*!40101 SET @OLD_CHARACTER_SET_RESULTS=@@CHARACTER_SET_RESULTS */;
/*!40101 SET @OLD_COLLATION_CONNECTION=@@COLLATION_CONNECTION */;
/*!40101 SET NAMES utf8mb4 */;

--
-- Database: `internship_medsci1`
--

-- --------------------------------------------------------

--
-- Table structure for table `detail`
--

CREATE TABLE `detail` (
  `id` int(11) NOT NULL,
  `region_id` varchar(50) NOT NULL,
  `facuty_id` int(11) NOT NULL,
  `location` varchar(255) NOT NULL,
  `department` varchar(50) NOT NULL,
  `address` varchar(255) NOT NULL,
  `sendto` varchar(50) NOT NULL,
  `coordinator` varchar(50) NOT NULL,
  `Scope_work` text NOT NULL,
  `receive_term1` varchar(50) NOT NULL,
  `receive_term2` varchar(50) NOT NULL
) ENGINE=InnoDB DEFAULT CHARSET=utf8 COLLATE=utf8_bin;

--
-- Dumping data for table `detail`
--

INSERT INTO `detail` (`id`, `region_id`, `facuty_id`, `location`, `department`, `address`, `sendto`, `coordinator`, `Scope_work`, `receive_term1`, `receive_term2`) VALUES
(1, '7', 1, 'โรงพยาบาลพระมงกุฎเกล้า', 'แผนกพยาธิวิทยา', '315 ถนนราชวิถี แขวงทุ่งพญาไท เขตราชเทวี กรุงเทพ 10400', 'ผู้อำนวยการโรงพยาบาลพระมงกุฎเกล้า', '', '', '2', '2'),
(2, '7', 1, 'โรงพยาบาลจุฬาลงกรณ์ คณะแพทยศาสตร์ จุฬาลงกรณ์มหาวิทยาลัย', 'งานพยาธิวิทยา ตึก อปร ชั้น 14', '1873 ถนนพระราม 4 แขวงปทุมวัน เขตปทุมวัน กรุงเทพ 10330', 'คณบดีคณะแพทยศาสตร์ จุฬาลงกรณ์มหาวิทยาลัย', '', 'รับออเดอร์สั่งย้อมจากพยาธิแพทย์\n-เบิก-คืนพาราฟินบล็อก\n-เขียน control ตามออเดอร์สั่งย้อมจากพยาธิแพทย์\nประมาณ 100-200 slides\n-นาสไลด์เข้าและออกจากเครื่องย้อมอิมมูโนฮีสโตเคมีอัตโนมัติ\n-ย้อมH&E และย้อมพิเศษ เช่นCongo red, AFB เป็นต้น\n-Mount สไลด์\n-เตรียมสารเคมี\n-พิมพ์สไลด์\n-จัดเรียงสไลด์เพื่อส่งให้พยาธิแพทย์', '2', '4'),
(3, '7', 1, 'โรงพยาบาลจุฬาลงกรณ์ คณะแพทยศาสตร์ จุฬาลงกรณ์มหาวิทยาลัย', 'งานพยาธิวิทยา ตึก อปร ชั้น 1 ห้อง TEM', '1873 ถนน พระราม 4 แขวงปทุมวัน เขต ปทุมวัน กรุงเทพ 10330', 'คณบดีคณะแพทยศาสตร์ จุฬาลงกรณ์มหาวิทยาลัย', '', 'ศึกษาพยาธิสภาพของตัวอย่างผู้ป่วย โดยใช้กล้องอิเล็กตรอนแบบส่งผ่าน (TEM) นิสิตจะได้เรียนรู้กระบวนการรับตัวอย่าง การเตรียมตัวอย่าง และการตรวจดูตัวอย่างภายใต้กล้อง บางครั้งอาจได้ทำ project ของหน่วยงาน', '2', '2'),
(4, '7', 1, 'สถาบันพยาธิวิทยา กรมการแพทย์ \n\n', 'งานพยาธิวิทยา', '2/2 ถนน พญาไท แขวง ทุ่งพญาไท เขต ราชเทวี กรุงเทพมหานคร 10400', 'ผู้อำนวยการสถาบันพยาธิวิทยา', 'คุณกำพลศักดิ์', '', '3', '3'),
(5, '7', 1, 'โรงพยาบาลกลาง', 'งานพยาธิวิทยา', '514 ถนน หลวง แขวง ป้อมปราบ เขต ป้อมปราบศัตรูพ่าย กรุงเทพมหานคร', 'ผู้อำนวยการโรงพยาบาลกลาง', '', '', ' ไม่มีข้อมูล ', ' ไม่มีข้อมูล '),
(6, '7', 1, 'สถาบันประสาท', 'งานพยาธิวิทยา', '312 ถนนราชวิถี แขวงทุ่งพญาไท \nเขตราชเทวี กรุงเทพมหานคร 10400 ', 'ผู้อำนวยการสถาบันประสาท', 'Tel: 02 306 9899', '', ' 1-2 ', ' 1-2 '),
(7, '7', 1, 'มหาวิทยาลัยมหิดล คณะทันตแพทยศาสตร์', 'ห้องปฏิบัติการภาควิชาชีววิทยาช่องปาก', '', 'คณบดีคณะทันตแพทยศาสตร์ มหาวิทยาลัยมหิดล', '', '', '', ''),
(8, '7', 1, 'โรงพยาบาลตำรวจ สำนักงานตำรวจแห่งชาติ', 'กลุ่มงานพยาธิวิทยา', '', 'ผู้อำนวยการโรงพยาบาลตำรวจ ', '', '', '2', '2'),
(9, '7', 1, 'จุฬาลงกรณ์มหาวิทยาลัย คณะทันตแพทยศาสตร์ ', 'ห้องปฏิบัติการพยาธิวิทยาฯ', '', 'คณบดีคณะแพทยศาสตร์ จุฬาลงกรณ์มหาวิทยาลัย', '', '', '2', '2'),
(10, '7', 1, 'โรงพยาบาลจุฬาลงกรณ์ คณะแพทยศาสตร์ ภาควิชากายวิภาคศาสตร์', 'โรงพยาบาลจุฬาลงกรณ์ ภาควิชากายวิภาคศาสตร์ ', '', 'คณบดีคณะแพทยศาสตร์ จุฬาลงกรณ์มหาวิทยาลัย', '', '', '', ''),
(11, '1', 1, 'โรงพยาบาลเชียงรายประชานุเคราะห์', 'แผนกพยาธิวิทยา', '1039 ถนน สถานพยาบาล ตำบล รอบเวียง อำเภอเมืองเชียงราย จังหวัดเชียงราย 57000', 'ผู้อำนวยการโรงพยาบาลเชียงรายประชานุเคราะห์', '', '', '2', '2'),
(12, '1', 1, 'โรงพยาบาลมะเร็งลำปาง \n', 'แผนกพยาธิ\nไม่มีห้องปฏิบัติการแล้ว', '199 หมู่ 12 ตำบล พิชัย อำเภอเมืองลำปาง จังหวัดลำปาง 52000', 'ผู้อำนวยการโรงพยาบาลมะเร็งลำปาง ', '', 'งานจุลพยาธิวิทยา ตั้งแต่ตรวจรับและลงทะเบียนชิ้นเนื้อ และตัดชิ้นเนื้อ', '2', '2'),
(13, '1', 1, 'โรงพยาบาลนครพิงค์', 'งานพยาธิวิทยา', '159 หมู่ที่ 10 ถนนโชตนา ตำบลดอนแก้ว อำเภอแม่ริม จังหวัดเชียงใหม่ 50180 โทรศัพท์ : 0-5399-9200 โทรสาร : 0-5399-9221', 'ผู้อำนวยการโรงพยาบาลนครพิงค์\n\n', 'ติดต่อฝ่ายบุคคลโดยตรง ', 'ทำงานวิจัยตามโปรเจคต์ของภาควิชา', '1', '1'),
(14, '1', 1, 'บริษัท เอส.บี.แล็บ จำกัด S.B.LAB COMPANY LIMITED', 'พยาธิวิทยา', '248/74 สหศรีภูมิเพลส ถนน มณีนพรัตน์ตำบลศรีภูมิ อ.เมือง จ.เชียงใหม่ 50200. Contacts Email: sb-lab@hotmail.com. Phone: 053-287188-9. Fax: 053-287-190.', '', '', 'บริการตรวจทางห้องปฏิบัติการ ทางการแพทย์ด้านพยาธิวิทยา เชียงใหม่.', '', ''),
(15, '1', 1, 'โรงพยาบาลแม่สอด', 'งานพยาธิวิทยา', '175/16 ถนนศรีพานิช ในเขตเทศบาล\nตำบลแม่สอด อำเภแม่สอด จังหวัดตาก 63110\nโทรศัพท์ : 055-531224, 055-531229, 055-531990', 'โรงพยาบาลแม่สอด', '', '', ' ไม่มีข้อมูล ', ' ไม่มีข้อมูล '),
(16, '4', 1, 'โรงพยาบาลสวรรค์ประชารักษ์', 'งานพยาธิวิทยา', '43 ถนนอรรถกวี ตำบลปากน้ำโพ อำเภอเมือง จังหวัดนครสวรรค์ 60000 (เป็นศูนย์ที่แยกจากโรงพยาบาล อยู่ติดแม่น้ำเจ้าพระยา) ', 'ผู้อำนวยการโรงพยาบาลสวรรค์ประชารักษ์', 'คุณสรัญญา 0949421765', 'นำสไลด์เข้าและออกจากเครื่องย้อมอิมมูโนฮีสโตเคมีอัตโนมัติ\n-ย้อมH&E และย้อมพิเศษ เช่นCongo red\n-Mount สไลด์', '2', '2'),
(17, '4', 1, 'โรงพยาบาลมะเร็งลพบุรี', 'งานพยาธิวิทยา', '11/1 ตำบล ทะเลชุบศร อำเภอเมืองลพบุรี ลพบุรี 15000', 'ผู้อำนวยการโรงพยาบาลมะเร็งลพบุรี', '', '', ' ไม่มีข้อมูล ', ' ไม่มีข้อมูล '),
(18, '2', 1, 'มหาวิทยาลัยขอนแก่น คณะแพทยศาสตร์ ', 'ภาควิชากายวิภาคศาสตร์', '123 ถนนมิตรภาพ อำเภอเมืองขอนแก่น ขอนแก่น 40002\nโทรศัพท์ 043 348888\nโทรสาร 043 202000', 'คณบดีคณะแพทยศาสตร์', '', '', '1', '1'),
(19, '2', 1, 'มหาวิทยาลัยขอนแก่น คณะแพทยศาสตร์ ', 'ภาควิชาพยาธิวิทยา', '124 ถนนมิตรภาพ อำ เภอเมืองขอนแก่น ขอนแก่น 40002\nโทรศัพท์ 043 348888\nโทรสาร 043 202000', 'คณบดีคณะแพทยศาสตร์', '', '', '1', '1'),
(20, '6', 1, 'โรงพยาบาลมะเร็งสุราษฎร์ธานี', 'งานพยาธิวิทยา', 'ตำบลขุนทะเล อำเภอเมืองสุราษฎร์ธานี สุราษฎร์ธานี 84100', 'ผู้อำนวยการโรงพยาบาลมะเร็งสุราษฎร์ธานี', '', '', ' ไม่มีข้อมูล ', ' ไม่มีข้อมูล '),
(21, '6', 1, 'มหาวิทยาลัยนเรศวร', 'คณะวิทยาศาสตร์การแพทย์ ภาควิชากายวิภาคศาสตร์', '99 หมู่ 9 ตำบลท่าโพธิ์ อำเภอเมืองพิษณุโลก จังหวัดพิษณุโลก', 'หัวหน้าภาควิชากายวิภาคศาสตร์', '', '', ' ไม่มีข้อมูล ', ' ไม่มีข้อมูล '),
(22, '7', 2, 'สถาบันบัณฑิตศึกษาจุฬาภรณ์ ', '', '54 ถนนกำแพงเพชร 6 แขวงตลาดบางเขน เขตหลักสี่ กทม. 10210 โทรศัพท์ 0-2576-6000', '', '', 'ทำงานวิจัยให้กับโครงการวิจัยของอาจารย์ ซึ่งงานวิจัยจะแตกต่างกันไปขึ้นอยู่กับว่า ณ ตอนนั้น อาจารย์ท่านใดรับนิสิตฝึกงาน', '1-1', '1-2'),
(23, '7', 2, 'สถาบันวิจัยจุฬาภรณ์ กลุ่มงานวิจัย', '', '', '', '', 'เกรดเฉลี่ย 3.00 ขึ้นไป', '', ''),
(24, '7', 2, 'สถาบันวิจัยวิทยาศาสตร์การแพทย์ทหาร (AFRIMS) (กองวิเคราะห์)', '', '315/6 ซอย โยธี แขวง ทุ่งพญาไท เขต ราชเทวี กรุงเทพมหานคร 10400 Tel; 02 644 4888', '', '', 'วิเคราะห์น้ำจากโรงพยาบาลทหารทำแลปด้านเคมีวิเคราะห์ (เป็นส่วนใหญ่) และจุลชีววิทยา', '2-2', '2-3'),
(25, '7', 2, 'สถาบันวิจัยวิทยาศาสตร์การแพทย์ทหาร (AFRIMS) (กองวิจัย)', '', '315/6 ซอย โยธี แขวง ทุ่งพญาไท เขต ราชเทวี กรุงเทพมหานคร 10400 Tel; 02 644 4888', '', '', '', '2', '2'),
(26, '7', 2, 'โรงพยาบาลจุฬาลงกรณ์ คณะแพทยศาสตร์ จุฬาลงกรณ์มหาวิทยาลัย (งานจุลชีววิทยา )', '', '1873 ถนนราชดำริปทุมวัน แขวงปทุมวัน เขตปทุมวัน กรุงเทพมหานคร 10330', '', '', 'ปฏิบัติงานเวียนตามแลป ด้านจุลชีววิทยา', '1', '1'),
(27, '7', 2, 'โรงพยาบาลศิริราช หน่วยอณูพันธุศาสตร์ สถานส่งเสริมการวิจัย', '', 'หน่วยอณูพันธุศาสตร์ สถานส่งเสริมการวิจัย อาคารเฉลิมพระเกียรติ 80 พรรษา 5 ธันวาคม 2550 (ศูนย์วิจัยการแพทย์ศิริราช หรือ SiMR) ชั้น 4 คณะแพทยศาสตร์ศิริราชพยาบาล ถนนพรานนก แขวงศิริราช เขตบางกอกน้อย กรุงเทพฯ 10700 โทรศัพท์ 02 419 7000 ต่อ 2727, 2736', '', '', '', '1', '1'),
(28, '7', 2, 'สถาบันสุขภาพสัตว์ กรุงเทพ\r\nรับเฉพาะการฝึกงาน/ดูงานระยะสั้น', '', 'เลขที่ 50/2 เกษตรกลาง ถนนงามวงศ์วาน ซอยพหลโยธิน 45 แยก 15 (ถนนทวีศักดิ์เสสะเวช) แขวงลาดยาว เขตจตุจักร กรุงเทพฯ 10900 โทรศัพท์ : 02-579 8908 ถึง 14  ', 'ผู้อำนวยการสถาบันสุขภาพสัตว์', '', '', 'ไม่มีข้อมูล', 'ไม่มีข้อมูล'),
(29, '7', 2, 'ศูนย์พันธุวิศวกรรมและเทคโนโลยีชีวภาพแห่งชาติ (BIOTEC, ห้องปฏิบัติการเทคโนโลยีวิศวกรรมชีวภาพและการตรวจวัด)', '', 'ศูนย์พันธุวิศวกรรมและเทคโนโลยีชีวภาพแห่งชาติ 113 อุทยานวิทยาศาสตร์ประเทศไทย ถ.พหลโยธิน ต.คลองหนึ่ง อ.คลองหลวง จ.ปทุมธานี 12120 Tel : 02-5646700', '', '', '', '2', '2'),
(30, '7', 2, 'ศูนย์วิจัยประสาทวิทยาศาสตร์ สถาบันชีววิทยาศาสตร์โมเลกุล มหาวิทยาลัยมหิดล (นิสิตต้องเลือกว่าต้องการทำวิจัยกับอาจารย์ท่านใด โดยไปดูข้อมูลใน web)', '', 'สถาบันชีววิทยาศาสตร์โมเลกุล มหาวิทยาลัยมหิดล 999 ถนนพุทธมณฑล สาย 4 ตำบลศาลายา อำเภอพุทธมณฑล จังหวัดนครปฐม 73170', '', '', '', '2', '2'),
(31, '7', 2, 'มหาวิทยาลัยมหิดล หน่วยวิจัยโรคไข้เลือดออก', '', 'หน่วยวิจัยโรคไข้เลือดออก และศูนย์วิจัยเป็นเลิศด้านโรคไข้เลือดออกและเชื้อโรคอุบัติใหม่ ตึกอดุลยเดชวิกรม ชั้น 12 คณะแพทยศาสตร์ศิริราชพยาบาล มหาวิทยาลัยมหิดล เลขที่ 2 ถนนวังหลัง แขวงศิริราช เขตบางกอกน้อย กรุงเทพฯ 107000. ติดต่อ / สอบถามเพิ่มเติม โทร. 0 2419 ', 'หัวหน้าหน่วยวิจัยโรคไข้เลือดออก', '', 'งานวิจัยด้านชีววิทยาศาสตร์การแพทย์', '', ''),
(32, '7', 2, 'สถาบันวิจัยวิทยาศาสตร์และเทคโนโลยี (วว.) กรุงเทพฯ', '', '35 หมู่ 3 เทคโนธานี ถ.เลียบคลองห้า ต.คลองห้า อ.คลองหลวง จ.ปทุมธานี 12120 Tel: 02-577-9000', '', '', 'ทำวิจัยเกี่ยวกับสมุนไพร นำสมุนไพรมา treat cell แล้ววัดผลที่เกิดขึ้น เทคนิคที่ใช้ คือ cell culture, ELISA, MTT', '2', '2'),
(33, '7', 2, 'สถาบันประสาทวิทยา กรุงเทพมหานคร', '', '312 ถนน ราชวิถี แขวง ทุ่งพญาไท เขต ราชเทวี กรุงเทพมหานคร 10400', '', '', '', '1', '1'),
(34, '7', 2, 'ภาควิชาภูมิคุ้มกัน คณะแพทยศาสตร์ศิริราชพยาบาล ', '', '', '', '', '', '1', '1'),
(35, '7', 2, 'ภาควิชาสรีรวิทยา ชั้น 13 คณะแพทยศาสตร์ศิริราชพยาบาล ', '', '', '', '', '', '1', '1'),
(36, '7', 2, 'ศูนย์แห่งความเป็นเลิศทางวิชาการด้านการวิจัยเซลล์ต้นกำเนิด มหาวิทยาลัยธรรมศาสตร์ รศ.ดร.ชัยรัตน์ ตัณทราวัฒน์พันธ์', '', '', '', '', 'ทำการศึกษาด้าน stem cell ทำการเลี้ยงเซลล์ต้นกำเนิด', '1', '1'),
(37, '7', 2, 'บริษัทโปรเฟสชั่นแนล ลาโบราทอรี่ แมเนจเม้นท์ คอร์ป จำกัด', '', '', '', '', '1. รับ-ส่ง สิ่งส่งตรวจ\r\n2. Chemistry imunology\r\n3. Hematology&Microscopy\r\n4. Microbiology\r\n5. Toxicology\r\n6. Molecular\r\n7. Pathology', '', ''),
(38, '7', 2, 'กรมวิทยาศาสตร์การแพทย์ กระทรวงสาธารณสุข สถาบันวิจัยวิทยาศาสตร์สาธารณสุข ฝ่ายปฏิบัติการด้านเชื้อถ่ายทอดทางการให้เลือด', '', '88/7 ซอยบำราศนราดูร ถ.ติวานนท์ ต.ตลาดขวัญ อ.เมือง จ.นนทบุรี 11000 Tel 081-8121715 หรือ 02-9510000 ต่อ 99242 ติดต่อ คุณสุพิชชา', '', '', '', 'ไม่มีข้อมูล', 'ไม่มีข้อมูล'),
(39, '7', 2, 'กรมวิทยาศาสตร์การแพทย์ กระทรวงสาธารณสุข สถาบันวิจัยวิทยาศาสตร์สาธารณสุข กลุ่มพันธุกรรมทางคลินิก', '', '88/7 ซอยบำราศนราดูร ถ.ติวานนท์ ต.ตลาดขวัญ อ.เมือง จ.นนทบุรี 10999', '', '', '', '', ''),
(40, '7', 2, 'กรมวิทยาศาสตร์การแพทย์ กระทรวงสาธารณสุข สถาบันวิจัยวิทยาศาสตร์สาธารณสุข กลุ่มแบคทีเรียและอากาศ', '', '88/7 ซอยบำราศนราดูร ถ.ติวานนท์ ต.ตลาดขวัญ อ.เมือง จ.นนทบุรี 10999', '', '', '', '', ''),
(41, '7', 2, 'กรมวิทยาศาสตร์การแพทย์ กระทรวงสาธารณสุข สถาบันวิจัยวิทยาศาสตร์สาธารณสุข กลุ่มแบคทีเรียวิทยาทางการแพทย์', '', '88/7 ซอยบำราศนราดูร ถ.ติวานนท์ ต.ตลาดขวัญ อ.เมือง จ.นนทบุรี 11000 ', '', 'Tel 081-8121715 หรือ 02-9510000 ต่อ 99242 ติดต่อ ค', '', '', ''),
(42, '5', 2, 'ศูนย์วิทยาศาสตร์การแพทย์ที่ 6 ชลบุรี', '', '', '', '', '', 'ไม่มีข้อมูล', 'ไม่มีข้อมูล'),
(43, '5', 2, 'ศูนย์วิจัยเพื่อใช้ประโยชน์จากพืชสมุนไพรกัญชา และกัญชง ทางการแพทย์ มหาวิทยาลัยเทคโนโลยีราชมงคลตะวันออก จ.ชลบุรี ', '', '', '', '', '', 'ไม่มีข้อมูล', 'ไม่มีข้อมูล'),
(44, '1', 2, 'โรงพยาบาลมะเร็งลำปาง (กลุ่มงานวิจัยและประเมินเทคโนโลยี)', '', '199 หมู่ 12 ตำบล พิชัย อำเภอเมืองลำปาง ลำปาง 52000', '', '', '', '2', '2'),
(45, '1', 2, 'ศูนย์วิทยาศาสตร์การแพทย์ที่ 1 เชียงใหม่', '', '191 หมู่ 8 ตำบลดอนแก้ว อำเภอแม่ริม จังหวัดเชียงใหม่ 50180\r\nโทร. 0 5311 2188 - 90\r\nโทรสาร 0 5311 2194', '', '', '', '1', '1'),
(46, '1', 2, 'ศูนย์วิจัยและพัฒนาการสัตวแพทย์ภาคเหนือตอนล่าง', '', '9 หมู่ 15, ถนนพิษณุโลก-หล่มสัก, ตำบลวังทอง อำเภอวังทอง จังหวัดพิษณุโลก, 65130 Tel: 055 312 069', '', '', '', '2', '2'),
(47, '1', 2, 'ศูนย์วิทยาศาสตร์การแพทย์ที่1/1 เชียงราย', '', '', '', '', '', 'ไม่มีข้อมูล', 'ไม่มีข้อมูล'),
(48, '4', 2, 'ศูนย์วิทยาศาสตร์การแพทย์ที่ 5 สมุทรสงคราม', '', '136 หมู่ที่ 4 ถนน เอกชัย ตำบล ลาดใหญ่ อำเภอเมืองสมุทรสงคราม สมุทรสงคราม 75000 Tel: 0-3471-1945 - 8 ต่อ 124', '', '', '', 'ไม่มีข้อมูล', 'ไม่มีข้อมูล'),
(49, '4', 2, 'เทคนิคการแพทย์แล็บ นครสวรรค์', '', '119 ถนนมาตุลี ตำบลปากน้ำโพ อำเภอเมืองนครสวรรค์ จังหวัดนครสวรรค์ 60000. โทรศัพท์. 0-5622-4215.', '', '', '', '', ''),
(50, '2', 2, 'ศูนย์วิทยาศาสตร์การแพทย์ที่ 8 อุดรธานี', '', 'เลขที่ 54 หมู่ 1 ถนนมิตรภาพ ตำบลหนองไผ่ อำเภอเมือง จังหวัดอุดรธานี 41330', '', '', '', '', ''),
(51, '9', 2, 'ศูนย์วิทยาศาสตร์การแพทย์ที่ 2 พิษณุโลก', '', '567 หมู่ 5 ตำบลหัวรอ อ.เมืองพิษณุโลก จ.พิษณุโลก 65000 Tel: 0 5532 2824-6 121,117', '', '', '', '2-2', '2-3'),
(52, '8', 2, 'หน่วยเวชศาสตร์การเจริญพันธุ์ ภาควิชาสูติศาสตร์ นรีเวชวิทยา ภาควิชานิติเวช คณะแพทยศาสตร์ มหาวิทยาลัยนเรศวร', '', '99 หมู่ 9 ตำบล ท่าโพธิ์ ตำบล ท่าโพธิ์ อำเภอ เมืองพิษณุโลก พิษณุโลก 65000', '', '', '', '1', '1'),
(53, '8', 2, 'สถานบริการวิชาการด้านวิทยาศาสตร์การแพทย์ คณะวิทยาศาสตร์การแพทย์ มหาวิทยาลัยนเรศวร', '', '99 หมู่ 9 ตำบล ท่าโพธิ์ ตำบล ท่าโพธิ์ อำเภอ เมืองพิษณุโลก พิษณุโลก 65000', 'ผู้อำนวยการสถานบริการวิชาการด้านวิทยาศาสตร์การแพทย', '', '', '2', '2'),
(54, '8', 2, 'สถานสัตว์ทดลองเพื่อการวิจัย มหาวิทยาลัยนเรศวร', '', '99 หมู่ 9 ตำบล ท่าโพธิ์ ตำบล ท่าโพธิ์ อำเภอ เมืองพิษณุโลก พิษณุโลก 65000', 'ผู้อำนวยการสถานสัตว์ทดลองเพื่อการวิจัย', '', '', '2', '2'),
(55, '8', 2, 'คณะวิทยาศาสตร์การแพทย์ ภาควิชาสรีรวิทยา', '', '99 หมู่ 9 ตำบล ท่าโพธิ์ ตำบล ท่าโพธิ์ อำเภอ เมืองพิษณุโลก พิษณุโลก 65000', 'หัวหน้าภาควิชาสรีรวิทยา', '', '', '', ''),
(56, '8', 2, 'คณะวิทยาศาสตร์การแพทย์ ภาควิชาจุลชีววิทยาและปรสิตวิทยา', '', '99 หมู่ 9 ตำบล ท่าโพธิ์ ตำบล ท่าโพธิ์ อำเภอ เมืองพิษณุโลก พิษณุโลก 65000', 'หัวหน้าภาควิชาจุลชีววิทยาและปรสิตวิทยา', '', '', '', ''),
(57, '7', 5, 'สถาบันนิติวิทยาศาสตร์ ', 'กลุ่มตรวจพิสูจน์ทางชีววิทยา กองพิสูจน์ทางวิทยาศาสต', 'อาคารศูนย์ราชการเฉลิมพระเกียรติฯ ชั้น 8 ชั้น 9 ถนนแจ้งวัฒนะ เขตหลักสี่ กรุงเทพมหานคร 10210 (เป็นศูนย์ย่อย อยู่ใกล้กับ มหาวิทยาลัยธุรกิจบัณฑิต) Tel; 021423491,021423492 ', '', '', '', '2', '2'),
(58, '7', 5, 'กองพิสูจน์หลักฐานกลาง ', 'กลุ่มงานตรวจชีววิทยาและดีเอ็นเอ', 'กองพิสูจน์หลักฐานกลาง\r\nอาคาร ๑๔-๑๕ สำนักงานตำรวจแห่งชาติ ถนนอังรีดูนังต์ แขวงวังใหม่ เขตปทุมวัน กทม. ๑๐๓๓๐\r\nโทรศัพท์กลาง ๐-๒๒๐๕-๑๗๔๙ โทรสาร ๐-๒๒๕๑-๓๙๒๘, ๐-๒๒๐๕-๖๙๘๕', '', '', '', '2', '2'),
(59, '7', 5, 'ศูนย์พิสูจน์หลักฐาน 7 กองบังคับการตำรวจภูธร จ.นครปฐม', '', 'ถนนขวาพระ ต.พระปฐมเจดีย์ อ.เมือง จ.นครปฐม 73000', '', '', '', 'ไม่มีข้อมูล', 'ไม่มีข้อมูล'),
(60, '7', 5, 'สถาบันนิติเวช สำนักงานตำรวจแห่งชาติ', '', 'สำนักงานตำรวจแห่งชาติ 492/1 ถนนอังรีดูนังต์ แขวงวังใหม่ เขตปทุมวัน กรุงเทพฯ 10330', '', 'งานธุรการ: คุณเปิ้ล 091-061-7088', '', '', ''),
(61, '1', 5, 'พิสูจน์หลักฐานจังหวัดเชียงใหม่', '', 'ถนนโชตนา ตำบลช้างเผือก เมือง เชียงใหม่ รหัสไปรษณีย์ 50300 ', '', 'Tel; 053-219-591 หรือ สารวัตรประทีป 0866735484', '', '2-2', '2-3'),
(62, '1', 5, 'มหาวิทยาลัยเชียงใหม่ คณะแพทยศาสตร์ ', 'ภาควิชานิติเวชศาสตร์', '110 ถ.อินทวโรรส อำเภอเมืองเชียงใหม่ เชียงใหม่ 50200 Tel: 053-945432-4', 'คณบดีคณะแพทยศาสตร์ ', '', 'ด้านนิติพันธุศาสตร์: เตรียมตัวอย่างเพื่อตรวจ DNA ด้วยเทคนิค PCR\r\nด้านพิษวิทยา: ทำ general screening, ตรวจสารเสพติดในปัสสาวะ', '2', '2'),
(63, '1', 5, 'ศูนย์พิสูจน์หลักฐาน 5 ลำปาง', '', 'ถนนวังเหนือ ตำบลเวียงเหนือ เมืองลำปาง ลำปาง 52000', '', '', '', 'ไม่มีข้อมูล', 'ไม่มีข้อมูล'),
(64, '1', 5, 'ศูนย์พิสูจน์หลักฐาน 6 พิษณุโลก', '', '133 ซอย เรืองสุข หมู่ 4 ตำบล หัวรอ อำเภอเมืองพิษณุโลก พิษณุโลก 65000 \r\nTel; 055 322 699', '', '', 'ทำงานเวียนไปตามแลป ตรวจพิสูจน์ปืน ตรวจด้านเคมี เป็นต้น', '2', '2'),
(65, '5', 5, 'ศูนย์พิสูจน์หลักฐาน 2 ชลบุรี', '', 'ศูนย์พิสูจน์หลักฐาน 2 ถนนโรงพยาบาลเก่า ตำบลบางปลาสร้อย อำเภอเมือง จังหวัดชลบุรี 20000 Tel: 038-276906', '', '', '', '2', '2'),
(66, '2', 5, 'ศูนย์พิสูจน์หลักฐาน 3 นครราชสีมา ', 'กลุ่มงานตรวจชีววิทยาและดีเอ็นเอ', 'ศูนย์พิสูจน์หลักฐานตำรวจ 102 ถนนสุรนาราย ตำบลจอหอ อำเภอเมือง จังหวัดนครราชสีมา 30000 Tel : +(66) 044 370235', '', '', '', '2', '2'),
(67, '2', 5, 'ศูนย์พิสูจน์หลักฐาน 4 ขอนแก่น', '', '323 หมู่ 16 ถนนกัลปพฤกษ์ ตำบลในเมือง อำเภอเมืองขอนแก่น ขอนแก่น 40000', 'รอง ผบก.ศพฐ.๔', '', '', '2', '2'),
(68, '2', 5, 'โรงพยาบาลมหาราชนครราชสีมา ', 'กลุ่มงานนิติเวช อาคารเฉลิมพระเกียรติ ชั้น 1', '49 ถนนช้างเผือก ต.ในเมือง อ.เมืองนครราชสีมา จ.นครราชสีมา 30000 Tel 0-4423-5000	', 'ผู้อำนวยการโรงพยาบาลมหาราชนครราชสีมา ', '', '', 'ไม่มีข้อมูล', 'ไม่มีข้อมูล'),
(69, '8', 5, 'มหาวิทยาลัยนเรศวร คณะแพทยศาสตร์ ', 'ภาควิชานิติเวชศาสตร์', '99 หมู่ 9 ตำบลท่าโพธิ์ ตำบลท่าโพธิ์ อำเภอเมืองพิษณุโลก พิษณุโลก 65000 \r\nTel: 055 96- 5060-2 ', 'คณบดีคณะแพทยศาสตร์ ', '1. วิภารัตน์ ช้างทอง หัวหน้างานนิติเวชศาสตร์ โทร 0', '1. งานด้านนิติพยาธิร่วมชันสูตรศพนอกสถานที่ และเข้าร่วมการผ่าชันสูตรศพ ตัดชิ้นเนื้อ\r\n2. งานด้านนิติเวชคลินิก ปฏิบัติงานเกี่ยวกับผุ้ป่วยทางคดี ตามกระบวณการ\r\n3. งานด้านธุรการทั่วไป รับ-ส่งหนังสือและแฟ้มเอกสาร\r\n4. งานด้านการวิจัย/วิชาการ เขียนผลงานวิชาการ 1 เรื่อง กเยวกับนิติเวชศาสตร์\r\n5. งานอื่นๆตามที่ได้รับมอบหมาย', '1', '2'),
(70, '7', 6, 'ภาควิชาชีวเคมี คณะวิทยาศาสตร์ มหาวิทยาลัยมหิดล', '', '272 ถนนพระรามที่ 6 แขวงทุ่งพญาไท\r\nเขตราชเทวี กรุงเทพฯ 10400 \r\nภายใต้การดูแลของ ผศ.ดร.วโรดม เจริญสวรรค์', '', '', 'งานวิจัยด้านชีวเคมี ตามความเชี่ยวชาญของอาจารย์', '2', '2'),
(71, '7', 6, 'ภาควิชาชีววิทยา คณะวิทยาศาสตร์ มหาวิทยาลัยมหิดล', '', '272 ถนนพระรามที่ 6 แขวงทุ่งพญาไท\r\nเขตราชเทวี กรุงเทพฯ 10400 \r\nภายใต้การดูแลของ ผศ.ดร.ป๋วย อุ่นใจ', '', '', 'จัดทำสื่อด้านวิทยาศาสตร์ ตามสถานที่ต่างๆ', '1', '1'),
(72, '7', 6, 'กรุงเทพ อาร์ ไอ เอ แลป จำกัด (BRIA Lab) ', '', '6 ซอย สนธิวัฒนา แยก 3 ถนน ลาดพร้าว แขวง พลับพลา เขต วังทองหลาง กรุงเทพมหานคร 10310 Tel: 02 106 6999', '', '', 'การทำการทดสอบต่างๆทางห้องปฏิบัติการทางการแพทย์และการวินิจฉัยโรค เช่น PCR , Steak plate ซึ่งในแผนกชีวโมเลกุลจะเป็นเครื่องมืออัตโนมัติโดยส่วนใหญ่', '2', '2'),
(73, '7', 6, 'ศูนย์ความเป็นเลิศด้านชีววิทยาศาสตร์  (องค์การมหาชน) (TCELS)', '', 'ศูนย์ความเป็นเลิศด้านชีววิทยาศาสตร์ (องค์การมหาชน) เลขที่ 69 อาคารมิว ชั้น 22 ถ.วิภาวดีรังสิต แขวงสามเสนใน เขตพญาไท กรุงเทพฯ 10400 Tel: 02-6445499 ext. 1', '', '093-449-4161 (ข้อมูล 19/7/2566)', '', '2', '2'),
(74, '7', 6, 'บริษัท ศูนย์พันธุศาสตร์การแพทย์ จำกัด', '', '6/3 ซอย 32 ถนนสุขาภิบาล 5 กรุงเทพมหานคร 10220 02-792-0726, 086-886-1203', '', '', 'Cell culture,วิเคราะห์โครโมโซม,งาน DNA ตรวจวิเคราะห์โครโมโซม', '2', '2'),
(75, '7', 6, 'หน่วยวิจัยเพื่อความเป็นเลิศเทคโนโลยีชีวภาพกุ้ง ม.มหิดล', '', 'หน่วยวิจัยเพื่อความเป็นเลิศเทคโนโลยีชีวภาพกุ้ง (Centex Shrimp), ชั้น 4 อาคารเฉลิมพระเกียรติ คณะวิทยาศาสตร์ มหาวิทยาลัยมหิดล ถนนพระรามที่ 6 กรุงเทพ 10400 Tel: 02-2015870-72', '', '', 'ทำงานด้าน molecular เช่น PCR ', '2', '2'),
(76, '7', 6, 'สำนักงานพัฒนาวิทยาศาสตร์และเทคโนโลยีแห่งชาติ (สวทช) ศูนย์ BIOTEC (ห้องปฏิบัติการเทคโนโลยีวิศวกรรมชีวภาพและการตรวจวัด)', '', '111 อุทยานวิทยาศาสตร์ประเทศไทย ถนนพหลโยธิน', '', '', '', '1-1', '1-2'),
(77, '7', 6, 'บริษัท เอส.พี.เอส.คอนซัลติ้ง เซอร์วิส จำกัด', '', '7 ซอย พหลโยธิน 24  พหลโยธิน แขวงจอมพล เขตจตุจักร กรุงเทพฯ 10900  ', '', '', 'แผนกตรวจวัดเคมีวิเคราะห์เกี่ยวกับสิ่งแวดล้อม', 'ไม่มีข้อมูล', 'ไม่มีข้อมูล'),
(78, '7', 6, 'บริษัท โปรเฟสชั่นแนล ลาโบราทอรี่ แมเนจเม้นท์ คอร์ป จำกัด (PROLAB: Professional Laboratory Management  Corp. Co,Ltd)', '', '2 ซอยโพธิ์แก้ว 3 แยก 2 ถนนโพธิ์แก้ว แขวงคลองจั่น  เขตบางกะปิ กรุงเทพฯ 10240', '', '', '1. รับ-ส่ง สิ่งส่งตรวจ\r\n2. Chemistry imunology\r\n3. Hematology&Microscopy\r\n4. Microbiology\r\n5. Toxicology\r\n6. Molecular\r\n7. Pathology', 'ไม่มีข้อมูล', 'ไม่มีข้อมูล'),
(79, '7', 6, 'สถาบันชีววิทยาโมเลกุล มหาวิทยาลัยมหิดล', '', 'ถนน กันภัยมหิดล ตำบล ศาลายา อำเภอพุทธมณฑล นครปฐม 73170', '', '', '', 'ไม่มีข้อมูล', 'ไม่มีข้อมูล'),
(80, '7', 6, 'ศูนย์วิจัยและพัฒนาอุปกรณ์ชีวการแพทย์ สถาบันชีววิทยาศาสตร์โมเลกุล มหาวิทยาลัยมหิดล (ดร.มยุรี รอดรัตน์)', '', '', '', '', '', '', ''),
(81, '7', 6, 'ศูนย์นาโนเทคโนโลยีแห่งชาติ (NANOTEC) สำนักงานพัฒนาวิทยาศาสตร์และเทคโนโลยีแห่งชาต (สวทช) ', '', '', '', '', '', '', ''),
(82, '1', 6, 'บริษัท ห้องปฏิบัติการกลาง (ประเทศไทย) จำกัด สาขาเชียงใหม่', '', 'เลขที่ 164/86 หมู่ 3 ตำบลดอนแก้ว อำเภอแม่ริม จังหวัดเชียงใหม่ 50180 โทรศัพท์: (66) 0 5389 6131/ 0 5389 6133/ 0 5389 ', '', '', '', '1-2', '1-2'),
(83, '1', 6, 'บริษัท เกรซฟู้ด จำกัด ', '', '28 หมู่ที่ 3 ตำบล ดงมะดะ อำเภอแม่ลาว เชียงราย 57250 Tel:  053 739 189', '', '', 'ตรวจคุณภาพอาหารกระป๋องและห้องปฏิบัติการด้านจุลชีววิทยา', '1-2', '1-2'),
(84, '1', 6, 'มหาวิทยาลัยเชียงใหม่ คณะแพทยศาสตร์', '', '110 ถ.อินทวโรรส ต.ศรีภูมิ อ.เมือง\r\nจ.เชียงใหม่ 50200\r\n 0-5393-6150', 'คณบดีคณะแพทยศาสตร์', '', '', '', ''),
(85, '1', 6, 'บริษัท ดอยช้างคอฟฟี่ ออริจินอล จำกัด', '', '787 หมู่ที่ 3, ตำบล วาวี อำเภอแม่สรวย เชียงราย 57180', '', '', 'ปรับปรุงรสชาดกาแฟ ตรวจวิเคราะห์คุณภาพกาแฟ', '2', '2'),
(86, '9', 6, 'บริษัท ครีม บิลดิ้ง (ประเทศไทย) จำกัด\r\n', '', '113  ม.1 ต.ท่าทอง อ.เมือง จ.พิษณุโลก 65000\r\n', '', 'ติดต่อหัวหน้าฝ่ายวิจัยและพัฒนา (ส่ง Resume) คุณณัฐ', 'เรียนรู้สารสกัดและสารเคมีที่ใช้ในการตั้งตำรับผลิตภัณฑ์เครื่องสำอาง, เรียนรู้การตลาดและเทรนด์เครื่องสำอาง,\r\nเรียนรู้ระบบงานในไลน์ผลิต\r\nผลิตเครื่องสำอางตามความต้องการของลูกค้า', '', ''),
(87, '5', 6, 'ศูนย์พัฒนาวิชาการอาชีวอนามัยและสิ่งแวดล้อม จังหวัดระยอง', '', '4106 ซอย สารพัดช่าง ตำบล ห้วยโป่ง อำเภอเมืองระยอง ระยอง 21150', '', '', 'งานพัฒนาเทคโนโลยีวิเคราะห์พิษวิทยา ', '', ''),
(88, '5', 6, 'สถาบันสิริวิทยเมธี จ.ระยอง', '', 'วังจันทร์วัลเลย์ ตำบลป่ายุบใน อำเภอวังจันทร์ จังหวัดระยอง', '', 'คุณธันย์ปพร โทร. 033-014-220', '', '2', '2'),
(89, '2', 6, 'มหาวิทยาลัยขอนแก่น คณะแพทยศาสตร์ ภาควิชาชีวเคมี', '', 'ภาควิชาชีวเคมี คณะแพทยศาสตร์ มหาวิทยาลัยขอนแก่น ต.ในเมือง อ.เมือง จ.ขอนแก่น 40002 โทร. 043-363265', 'คณบดีคณะแพทยศาสตร์', '', '', '', ''),
(90, '8', 6, 'คณะเภสัชศาสตร์ สถานวิจัยเครื่องสำอางและผลิตภัณฑ์ธรรมชาติ', '', 'สถานวิจัยเครื่องสำอางและผลิตภัณฑ์ธรรมชาติ คณะเภสัชศาสตร์ มหาวิทยาลัยนเรศวร 99 หมู่ 9 ตำบลท่าโพธิ์ อำเภอเมือง จังหวัดพิษณุโลก รหัสไปรษณีย์ 65000 โทรศัพท์ : 0-5596-8801, 0-5596-8655', 'คณบดีคณะเภสัชศาสตร์', '', 'ทดสอบความปลอดภัยเครื่องสำอาง ในด้านจุลชีววิทยา ', '1', '2'),
(91, '8', 6, 'คณะวิทยาศาสตร์การแพทย์ ภาควิชาชีวเคมี', '', '99 หมู่ 9 ตำบล ท่าโพธิ์ ตำบล ท่าโพธิ์ อำเภอ เมืองพิษณุโลก พิษณุโลก 65000', 'หัวหน้าภาควิชาชีวเคมี', '', '', '', '');

-- --------------------------------------------------------

--
-- Table structure for table `facuty`
--

CREATE TABLE `facuty` (
  `id` int(11) NOT NULL,
  `facuty` varchar(50) NOT NULL,
  `major_subject` varchar(50) NOT NULL
) ENGINE=InnoDB DEFAULT CHARSET=utf8 COLLATE=utf8_bin;

--
-- Dumping data for table `facuty`
--

INSERT INTO `facuty` (`id`, `facuty`, `major_subject`) VALUES
(1, 'วิทยาศาสตร์การแพทย์', 'พยาธิวิทยากายวิภาค'),
(2, 'วิทยาศาสตร์การแพทย์', 'วิทยาศาสตร์การแพทย์'),
(3, 'วิทยาศาสตร์การแพทย์', 'จุลชีววิทยา'),
(4, 'วิทยาศาสตร์การแพทย์', 'ชีวเคมีและชีววิทยา'),
(5, 'วิทยาศาสตร์การแพทย์', 'นิติวิทยาศาสตร์'),
(6, 'วิทยาศาสตร์การแพทย์', 'วิทยาศาสตร์เทคโนโลยี');

-- --------------------------------------------------------

--
-- Table structure for table `province`
--

CREATE TABLE `province` (
  `id` int(11) NOT NULL,
  `name` varchar(255) DEFAULT NULL,
  `region_id` int(11) DEFAULT NULL
) ENGINE=InnoDB DEFAULT CHARSET=utf8 COLLATE=utf8_bin;

--
-- Dumping data for table `province`
--

INSERT INTO `province` (`id`, `name`, `region_id`) VALUES
(1, 'เชียงราย', 1),
(2, 'เชียงใหม่', 1),
(3, 'น่าน', 1),
(4, 'พะเยา', 1),
(5, 'แพร่', 1),
(6, 'แม่ฮ่องสอน', 1),
(7, 'ลำปาง', 1),
(8, 'ลำพูน', 1),
(9, 'อุตรดิตถ์', 1),
(10, 'กาฬสินธุ์', 2),
(11, 'ขอนแก่น', 2),
(12, 'ชัยภูมิ', 2),
(13, 'นครพนม', 2),
(14, 'นครราชสีมา', 2),
(15, 'บึงกาฬ', 2),
(16, 'บุรีรัมย์', 2),
(17, 'มหาสารคาม', 2),
(18, 'มุกดาหาร', 2),
(19, 'ยโสธร', 2),
(20, 'ร้อยเอ็ด', 2),
(21, 'เลย', 2),
(22, 'ศรีสะเกษ', 2),
(23, 'สกลนคร', 2),
(24, 'สุรินทร์', 2),
(25, 'หนองคาย', 2),
(26, 'หนองบัวลำภู', 2),
(27, 'อำนาจเจริญ', 2),
(28, 'อุดรธานี', 2),
(29, 'อุบลราชธานี', 2),
(30, 'กาญจนบุรี', 3),
(31, 'ตาก', 3),
(32, 'ประจวบคีรีขันธ์', 3),
(33, 'เพชรบุรี', 3),
(34, 'ราชบุรี', 3),
(35, 'กรุงเทพมหานคร', 4),
(36, 'กำแพงเพชร', 4),
(37, 'ชัยนาท', 4),
(38, 'นครนายก', 4),
(39, 'นครปฐม', 4),
(40, 'นครสวรรค์', 4),
(41, 'นนทบุรี', 4),
(42, 'ปทุมธานี', 4),
(43, 'พระนครศรีอยุธยา', 4),
(44, 'พิจิตร', 4),
(45, 'พิษณุโลก', 4),
(46, 'เพชรบูรณ์', 4),
(47, 'ลพบุรี', 4),
(48, 'สมุทรปราการ', 4),
(49, 'สมุทรสงคราม', 4),
(50, 'สมุทรสาคร', 4),
(51, 'สิงห์บุรี', 4),
(52, 'สุโขทัย', 4),
(53, 'สุพรรณบุรี', 4),
(54, 'สระบุรี', 4),
(55, 'อ่างทอง', 4),
(56, 'อุทัยธานี', 4),
(57, 'จันทบุรี', 5),
(58, 'ฉะเชิงเทรา', 5),
(59, 'ชลบุรี', 5),
(60, 'ตราด', 5),
(61, 'ปราจีนบุรี', 5),
(62, 'ระยอง', 5),
(63, 'สระแก้ว', 5),
(64, 'กระบี่', 6),
(65, 'ชุมพร', 6),
(66, 'ตรัง', 6),
(67, 'นครศรีธรรมราช', 6),
(68, 'นราธิวาส', 6),
(69, 'ปัตตานี', 6),
(70, 'พังงา', 6),
(71, 'พัทลุง', 6),
(72, 'ภูเก็ต', 6),
(73, 'ยะลา', 6),
(74, 'ระนอง', 6),
(75, 'สงขลา', 6),
(76, 'สตูล', 6),
(77, 'สุราษฎร์ธานี', 6);

-- --------------------------------------------------------

--
-- Table structure for table `recieve_year`
--

CREATE TABLE `recieve_year` (
  `id` int(11) NOT NULL,
  `location_id` varchar(50) NOT NULL,
  `year` varchar(10) NOT NULL,
  `received` int(11) NOT NULL,
  `term` varchar(10) NOT NULL
) ENGINE=InnoDB DEFAULT CHARSET=utf8 COLLATE=utf8_bin;

--
-- Dumping data for table `recieve_year`
--

INSERT INTO `recieve_year` (`id`, `location_id`, `year`, `received`, `term`) VALUES
(1, '1', '61', 1, '1'),
(2, '1', '61', 0, '2'),
(3, '1', '62', 0, '1'),
(4, '1', '62', 3, '2'),
(5, '1', '63', 0, '1'),
(6, '1', '63', 2, '2'),
(7, '1', '64', 0, '1'),
(8, '1', '64', 0, '2'),
(9, '1', '65', 0, '1'),
(10, '1', '65', 0, '2'),
(11, '1', '66', 0, '1'),
(12, '1', '66', 0, '2'),
(13, '2', '61', 2, '1'),
(14, '2', '61', 3, '2'),
(15, '2', '62', 2, '1'),
(16, '2', '62', 3, '2'),
(17, '2', '63', 0, '1'),
(18, '2', '63', 4, '2'),
(19, '2', '64', 0, '1'),
(20, '2', '64', 4, '2'),
(21, '2', '65', 1, '1'),
(22, '2', '65', 0, '2'),
(23, '2', '66', 0, '1'),
(24, '2', '66', 0, '2'),
(25, '3', '61', 0, '1'),
(26, '3', '61', 2, '2'),
(27, '3', '62', 0, '1'),
(28, '3', '62', 0, '2'),
(29, '3', '63', 0, '1'),
(30, '3', '63', 3, '2'),
(31, '3', '64', 0, '1'),
(32, '3', '64', 0, '2'),
(33, '3', '65', 0, '1'),
(34, '3', '65', 0, '2'),
(35, '3', '66', 0, '1'),
(36, '3', '66', 0, '2'),
(37, '4', '61', 0, '1'),
(38, '4', '61', 0, '2'),
(39, '4', '62', 0, '1'),
(40, '4', '62', 2, '2'),
(41, '4', '63', 0, '1'),
(42, '4', '63', 3, '2'),
(43, '4', '64', 0, '1'),
(44, '4', '64', 1, '2'),
(45, '4', '65', 0, '1'),
(46, '4', '65', 0, '2'),
(47, '4', '66', 0, '1'),
(48, '4', '66', 0, '2'),
(49, '5', '61', 0, '1'),
(50, '5', '61', 0, '2'),
(51, '5', '62', 0, '1'),
(52, '5', '62', 0, '2'),
(53, '5', '63', 0, '1'),
(54, '5', '63', 0, '2'),
(55, '5', '64', 0, '1'),
(56, '5', '64', 0, '2'),
(57, '5', '65', 0, '1'),
(58, '5', '65', 0, '2'),
(59, '5', '66', 0, '1'),
(60, '5', '66', 0, '2'),
(61, '6', '61', 0, '1'),
(62, '6', '61', 1, '2'),
(63, '6', '62', 2, '1'),
(64, '6', '62', 0, '2'),
(65, '6', '63', 0, '1'),
(66, '6', '63', 0, '2'),
(67, '6', '64', 0, '1'),
(68, '6', '64', 0, '2'),
(69, '6', '65', 0, '1'),
(70, '6', '65', 0, '2'),
(71, '6', '66', 0, '1'),
(72, '6', '66', 0, '2'),
(73, '7', '61', 0, '1'),
(74, '7', '61', 0, '2'),
(75, '7', '62', 0, '1'),
(76, '7', '62', 0, '2'),
(77, '7', '63', 0, '1'),
(78, '7', '63', 0, '2'),
(79, '7', '64', 0, '1'),
(80, '7', '64', 2, '2'),
(81, '7', '65', 3, '1'),
(82, '7', '65', 2, '2'),
(83, '7', '66', 0, '1'),
(84, '7', '66', 0, '2'),
(85, '8', '61', 0, '1'),
(86, '8', '61', 0, '2'),
(87, '8', '62', 0, '1'),
(88, '8', '62', 0, '2'),
(89, '8', '63', 0, '1'),
(90, '8', '63', 1, '2'),
(91, '8', '64', 0, '1'),
(92, '8', '64', 0, '2'),
(93, '8', '65', 0, '1'),
(94, '8', '65', 0, '2'),
(95, '8', '66', 0, '1'),
(96, '8', '66', 0, '2'),
(97, '9', '61', 0, '1'),
(98, '9', '61', 0, '2'),
(99, '9', '62', 0, '1'),
(100, '9', '62', 0, '2'),
(101, '9', '63', 0, '1'),
(102, '9', '63', 0, '2'),
(103, '9', '64', 0, '1'),
(104, '9', '64', 0, '2'),
(105, '9', '65', 0, '1'),
(106, '9', '65', 0, '2'),
(107, '9', '66', 0, '1'),
(108, '9', '66', 0, '2'),
(109, '10', '61', 0, '1'),
(110, '10', '61', 0, '2'),
(111, '10', '62', 0, '1'),
(112, '10', '62', 0, '2'),
(113, '10', '63', 0, '1'),
(114, '10', '63', 0, '2'),
(115, '10', '64', 0, '1'),
(116, '10', '64', 1, '2'),
(117, '10', '65', 0, '1'),
(118, '10', '65', 0, '2'),
(119, '10', '66', 0, '1'),
(120, '10', '66', 0, '2'),
(121, '11', '61', 0, '1'),
(122, '11', '61', 1, '2'),
(123, '11', '62', 0, '1'),
(124, '11', '62', 1, '2'),
(125, '11', '63', 0, '1'),
(126, '11', '63', 0, '2'),
(127, '11', '64', 0, '1'),
(128, '11', '64', 0, '2'),
(129, '11', '65', 0, '1'),
(130, '11', '65', 0, '2'),
(131, '11', '66', 0, '1'),
(132, '11', '66', 0, '2'),
(133, '12', '61', 1, '1'),
(134, '12', '61', 0, '2'),
(135, '12', '62', 0, '1'),
(136, '12', '62', 0, '2'),
(137, '12', '63', 0, '1'),
(138, '12', '63', 0, '2'),
(139, '12', '64', 0, '1'),
(140, '12', '64', 0, '2'),
(141, '12', '65', 0, '1'),
(142, '12', '65', 0, '2'),
(143, '12', '66', 0, '1'),
(144, '12', '66', 0, '2'),
(145, '13', '61', 0, '1'),
(146, '13', '61', 1, '2'),
(147, '13', '62', 0, '1'),
(148, '13', '62', 0, '2'),
(149, '13', '63', 0, '1'),
(150, '13', '63', 0, '2'),
(151, '13', '64', 0, '1'),
(152, '13', '64', 1, '2'),
(153, '13', '65', 0, '1'),
(154, '13', '65', 0, '2'),
(155, '13', '66', 1, '1'),
(156, '13', '66', 0, '2'),
(157, '14', '61', 0, '1'),
(158, '14', '61', 0, '2'),
(159, '14', '62', 0, '1'),
(160, '14', '62', 0, '2'),
(161, '14', '63', 0, '1'),
(162, '14', '63', 0, '2'),
(163, '14', '64', 0, '1'),
(164, '14', '64', 0, '2'),
(165, '14', '65', 0, '1'),
(166, '14', '65', 3, '2'),
(167, '14', '66', 0, '1'),
(168, '14', '66', 0, '2'),
(169, '15', '61', 0, '1'),
(170, '15', '61', 0, '2'),
(171, '15', '62', 0, '1'),
(172, '15', '62', 0, '2'),
(173, '15', '63', 1, '1'),
(174, '15', '63', 0, '2'),
(175, '15', '64', 0, '1'),
(176, '15', '64', 0, '2'),
(177, '15', '65', 0, '1'),
(178, '15', '65', 0, '2'),
(179, '15', '66', 0, '1'),
(180, '15', '66', 0, '2'),
(181, '16', '61', 0, '1'),
(182, '16', '61', 2, '2'),
(183, '16', '62', 0, '1'),
(184, '16', '62', 3, '2'),
(185, '16', '63', 0, '1'),
(186, '16', '63', 1, '2'),
(187, '16', '64', 0, '1'),
(188, '16', '64', 2, '2'),
(189, '16', '65', 0, '1'),
(190, '16', '65', 0, '2'),
(191, '16', '66', 0, '1'),
(192, '16', '66', 0, '2'),
(193, '17', '61', 0, '1'),
(194, '17', '61', 0, '2'),
(195, '17', '62', 0, '1'),
(196, '17', '62', 0, '2'),
(197, '17', '63', 0, '1'),
(198, '17', '63', 0, '2'),
(199, '17', '64', 0, '1'),
(200, '17', '64', 0, '2'),
(201, '17', '65', 0, '1'),
(202, '17', '65', 0, '2'),
(203, '17', '66', 0, '1'),
(204, '17', '66', 0, '2'),
(205, '18', '61', 0, '1'),
(206, '18', '61', 1, '2'),
(207, '18', '62', 0, '1'),
(208, '18', '62', 0, '2'),
(209, '18', '63', 0, '1'),
(210, '18', '63', 2, '2'),
(211, '18', '64', 0, '1'),
(212, '18', '64', 0, '2'),
(213, '18', '65', 3, '1'),
(214, '18', '65', 0, '2'),
(215, '18', '66', 0, '1'),
(216, '18', '66', 0, '2'),
(217, '19', '61', 0, '1'),
(218, '19', '61', 0, '2'),
(219, '19', '62', 1, '1'),
(220, '19', '62', 0, '2'),
(221, '19', '63', 0, '1'),
(222, '19', '63', 0, '2'),
(223, '19', '64', 0, '1'),
(224, '19', '64', 0, '2'),
(225, '19', '65', 0, '1'),
(226, '19', '65', 0, '2'),
(227, '19', '66', 0, '1'),
(228, '19', '66', 0, '2'),
(229, '20', '61', 0, '1'),
(230, '20', '61', 0, '2'),
(231, '20', '62', 0, '1'),
(232, '20', '62', 0, '2'),
(233, '20', '63', 0, '1'),
(234, '20', '63', 0, '2'),
(235, '20', '64', 0, '1'),
(236, '20', '64', 0, '2'),
(237, '20', '65', 0, '1'),
(238, '20', '65', 0, '2'),
(239, '20', '66', 0, '1'),
(240, '20', '66', 0, '2'),
(241, '21', '61', 0, '1'),
(242, '21', '61', 0, '2'),
(243, '21', '62', 0, '1'),
(244, '21', '62', 0, '2'),
(245, '21', '63', 0, '1'),
(246, '21', '63', 0, '2'),
(247, '21', '64', 0, '1'),
(248, '21', '64', 0, '2'),
(249, '21', '65', 6, '1'),
(250, '21', '65', 3, '2'),
(251, '21', '66', 0, '1'),
(252, '21', '66', 0, '2'),
(253, '22', '61', 2, '1'),
(254, '22', '61', 1, '2'),
(255, '22', '62', 1, '1'),
(256, '22', '62', 1, '2'),
(257, '22', '63', 0, '1'),
(258, '22', '63', 0, '2'),
(259, '22', '64', 0, '1'),
(260, '22', '64', 1, '2'),
(261, '22', '65', 0, '1'),
(262, '22', '65', 0, '2'),
(263, '22', '66', 0, '1'),
(264, '22', '66', 0, '2'),
(265, '23', '61', 0, '1'),
(266, '23', '61', 0, '2'),
(267, '23', '62', 0, '1'),
(268, '23', '62', 0, '2'),
(269, '23', '63', 0, '1'),
(270, '23', '63', 0, '2'),
(271, '23', '64', 0, '1'),
(272, '23', '64', 0, '2'),
(273, '23', '65', 2, '1'),
(274, '23', '65', 0, '2'),
(275, '23', '66', 0, '1'),
(276, '23', '66', 0, '2'),
(277, '24', '61', 0, '1'),
(278, '24', '61', 0, '2'),
(279, '24', '62', 2, '1'),
(280, '24', '62', 0, '2'),
(281, '24', '63', 0, '1'),
(282, '24', '63', 3, '2'),
(283, '24', '64', 0, '1'),
(284, '24', '64', 0, '2'),
(285, '24', '65', 0, '1'),
(286, '24', '65', 0, '2'),
(287, '24', '66', 0, '1'),
(288, '24', '66', 0, '2'),
(289, '25', '61', 0, '1'),
(290, '25', '61', 0, '2'),
(291, '25', '62', 1, '1'),
(292, '25', '62', 1, '2'),
(293, '25', '63', 0, '1'),
(294, '25', '63', 3, '2'),
(295, '25', '64', 0, '1'),
(296, '25', '64', 0, '2'),
(297, '25', '65', 0, '1'),
(298, '25', '65', 0, '2'),
(299, '25', '66', 0, '1'),
(300, '25', '66', 0, '2'),
(301, '26', '61', 1, '1'),
(302, '26', '61', 0, '2'),
(303, '26', '62', 0, '1'),
(304, '26', '62', 0, '2'),
(305, '26', '63', 0, '1'),
(306, '26', '63', 0, '2'),
(307, '26', '64', 0, '1'),
(308, '26', '64', 0, '2'),
(309, '26', '65', 0, '1'),
(310, '26', '65', 0, '2'),
(311, '26', '66', 0, '1'),
(312, '26', '66', 0, '2'),
(313, '27', '61', 0, '1'),
(314, '27', '61', 0, '2'),
(315, '27', '62', 1, '1'),
(316, '27', '62', 1, '2'),
(317, '27', '63', 0, '1'),
(318, '27', '63', 1, '2'),
(319, '27', '64', 0, '1'),
(320, '27', '64', 0, '2'),
(321, '27', '65', 0, '1'),
(322, '27', '65', 0, '2'),
(323, '27', '66', 0, '1'),
(324, '27', '66', 0, '2'),
(325, '28', '61', 0, '1'),
(326, '28', '61', 0, '2'),
(327, '28', '62', 0, '1'),
(328, '28', '62', 0, '2'),
(329, '28', '63', 0, '1'),
(330, '28', '63', 0, '2'),
(331, '28', '64', 0, '1'),
(332, '28', '64', 0, '2'),
(333, '28', '65', 0, '1'),
(334, '28', '65', 0, '2'),
(335, '28', '66', 0, '1'),
(336, '28', '66', 0, '2'),
(337, '29', '61', 0, '1'),
(338, '29', '61', 0, '2'),
(339, '29', '62', 0, '1'),
(340, '29', '62', 0, '2'),
(341, '29', '63', 0, '1'),
(342, '29', '63', 2, '2'),
(343, '29', '64', 0, '1'),
(344, '29', '64', 0, '2'),
(345, '29', '65', 0, '1'),
(346, '29', '65', 0, '2'),
(347, '29', '66', 0, '1'),
(348, '29', '66', 0, '2'),
(349, '30', '61', 0, '1'),
(350, '30', '61', 0, '2'),
(351, '30', '62', 0, '1'),
(352, '30', '62', 0, '2'),
(353, '30', '63', 0, '1'),
(354, '30', '63', 3, '2'),
(355, '30', '64', 0, '1'),
(356, '30', '64', 0, '2'),
(357, '30', '65', 0, '1'),
(358, '30', '65', 0, '2'),
(359, '30', '66', 0, '1'),
(360, '30', '66', 0, '2'),
(361, '31', '61', 0, '1'),
(362, '31', '61', 0, '2'),
(363, '31', '62', 0, '1'),
(364, '31', '62', 0, '2'),
(365, '31', '63', 0, '1'),
(366, '31', '63', 0, '2'),
(367, '31', '64', 0, '1'),
(368, '31', '64', 0, '2'),
(369, '31', '65', 0, '1'),
(370, '31', '65', 1, '2'),
(371, '31', '66', 0, '1'),
(372, '31', '66', 0, '2'),
(373, '32', '61', 0, '1'),
(374, '32', '61', 1, '2'),
(375, '32', '62', 0, '1'),
(376, '32', '62', 2, '2'),
(377, '32', '63', 0, '1'),
(378, '32', '63', 0, '2'),
(379, '32', '64', 0, '1'),
(380, '32', '64', 0, '2'),
(381, '32', '65', 0, '1'),
(382, '32', '65', 0, '2'),
(383, '32', '66', 0, '1'),
(384, '32', '66', 0, '2'),
(385, '33', '61', 0, '1'),
(386, '33', '61', 1, '2'),
(387, '33', '62', 1, '1'),
(388, '33', '62', 0, '2'),
(389, '33', '63', 0, '1'),
(390, '33', '63', 0, '2'),
(391, '33', '64', 0, '1'),
(392, '33', '64', 0, '2'),
(393, '33', '65', 0, '1'),
(394, '33', '65', 0, '2'),
(395, '33', '66', 0, '1'),
(396, '33', '66', 0, '2'),
(397, '34', '61', 0, '1'),
(398, '34', '61', 1, '2'),
(399, '34', '62', 0, '1'),
(400, '34', '62', 2, '2'),
(401, '34', '63', 1, '1'),
(402, '34', '63', 0, '2'),
(403, '34', '64', 0, '1'),
(404, '34', '64', 0, '2'),
(405, '34', '65', 0, '1'),
(406, '34', '65', 0, '2'),
(407, '34', '66', 0, '1'),
(408, '34', '66', 0, '2'),
(409, '35', '61', 0, '1'),
(410, '35', '61', 1, '2'),
(411, '35', '62', 0, '1'),
(412, '35', '62', 0, '2'),
(413, '35', '63', 0, '1'),
(414, '35', '63', 2, '2'),
(415, '35', '64', 0, '1'),
(416, '35', '64', 0, '2'),
(417, '35', '65', 0, '1'),
(418, '35', '65', 0, '2'),
(419, '35', '66', 0, '1'),
(420, '35', '66', 0, '2'),
(421, '36', '61', 0, '1'),
(422, '36', '61', 0, '2'),
(423, '36', '62', 1, '1'),
(424, '36', '62', 0, '2'),
(425, '36', '63', 0, '1'),
(426, '36', '63', 0, '2'),
(427, '36', '64', 1, '1'),
(428, '36', '64', 2, '2'),
(429, '36', '65', 1, '1'),
(430, '36', '65', 0, '2'),
(431, '36', '66', 0, '1'),
(432, '36', '66', 0, '2'),
(433, '37', '61', 0, '1'),
(434, '37', '61', 0, '2'),
(435, '37', '62', 0, '1'),
(436, '37', '62', 0, '2'),
(437, '37', '63', 0, '1'),
(438, '37', '63', 1, '2'),
(439, '37', '64', 0, '1'),
(440, '37', '64', 0, '2'),
(441, '37', '65', 0, '1'),
(442, '37', '65', 0, '2'),
(443, '37', '66', 0, '1'),
(444, '37', '66', 0, '2'),
(445, '38', '61', 0, '1'),
(446, '38', '61', 0, '2'),
(447, '38', '62', 0, '1'),
(448, '38', '62', 0, '2'),
(449, '38', '63', 0, '1'),
(450, '38', '63', 2, '2'),
(451, '38', '64', 0, '1'),
(452, '38', '64', 0, '2'),
(453, '38', '65', 0, '1'),
(454, '38', '65', 2, '2'),
(455, '38', '66', 0, '1'),
(456, '38', '66', 0, '2'),
(457, '39', '61', 0, '1'),
(458, '39', '61', 0, '2'),
(459, '39', '62', 0, '1'),
(460, '39', '62', 0, '2'),
(461, '39', '63', 0, '1'),
(462, '39', '63', 2, '2'),
(463, '39', '64', 0, '1'),
(464, '39', '64', 0, '2'),
(465, '39', '65', 0, '1'),
(466, '39', '65', 0, '2'),
(467, '39', '66', 0, '1'),
(468, '39', '66', 0, '2'),
(469, '40', '61', 0, '1'),
(470, '40', '61', 0, '2'),
(471, '40', '62', 0, '1'),
(472, '40', '62', 0, '2'),
(473, '40', '63', 0, '1'),
(474, '40', '63', 1, '2'),
(475, '40', '64', 0, '1'),
(476, '40', '64', 0, '2'),
(477, '40', '65', 0, '1'),
(478, '40', '65', 0, '2'),
(479, '40', '66', 0, '1'),
(480, '40', '66', 0, '2'),
(481, '41', '61', 0, '1'),
(482, '41', '61', 0, '2'),
(483, '41', '62', 0, '1'),
(484, '41', '62', 0, '2'),
(485, '41', '63', 0, '1'),
(486, '41', '63', 1, '2'),
(487, '41', '64', 0, '1'),
(488, '41', '64', 0, '2'),
(489, '41', '65', 0, '1'),
(490, '41', '65', 0, '2'),
(491, '41', '66', 0, '1'),
(492, '41', '66', 0, '2'),
(493, '42', '61', 0, '1'),
(494, '42', '61', 0, '2'),
(495, '42', '62', 0, '1'),
(496, '42', '62', 0, '2'),
(497, '42', '63', 0, '1'),
(498, '42', '63', 1, '2'),
(499, '42', '64', 0, '1'),
(500, '42', '64', 0, '2'),
(501, '42', '65', 0, '1'),
(502, '42', '65', 0, '2'),
(503, '42', '66', 0, '1'),
(504, '42', '66', 0, '2'),
(505, '43', '61', 0, '1'),
(506, '43', '61', 0, '2'),
(507, '43', '62', 0, '1'),
(508, '43', '62', 0, '2'),
(509, '43', '63', 0, '1'),
(510, '43', '63', 0, '2'),
(511, '43', '64', 0, '1'),
(512, '43', '64', 0, '2'),
(513, '43', '65', 0, '1'),
(514, '43', '65', 0, '2'),
(515, '43', '66', 0, '1'),
(516, '43', '66', 0, '2'),
(517, '44', '61', 0, '1'),
(518, '44', '61', 2, '2'),
(519, '44', '62', 0, '1'),
(520, '44', '62', 0, '2'),
(521, '44', '63', 0, '1'),
(522, '44', '63', 0, '2'),
(523, '44', '64', 0, '1'),
(524, '44', '64', 0, '2'),
(525, '44', '65', 0, '1'),
(526, '44', '65', 0, '2'),
(527, '44', '66', 0, '1'),
(528, '44', '66', 0, '2'),
(529, '45', '61', 0, '1'),
(530, '45', '61', 0, '2'),
(531, '45', '62', 0, '1'),
(532, '45', '62', 0, '2'),
(533, '45', '63', 0, '1'),
(534, '45', '63', 0, '2'),
(535, '45', '64', 0, '1'),
(536, '45', '64', 0, '2'),
(537, '45', '65', 0, '1'),
(538, '45', '65', 0, '2'),
(539, '45', '66', 0, '1'),
(540, '45', '66', 0, '2'),
(541, '46', '61', 0, '1'),
(542, '46', '61', 0, '2'),
(543, '46', '62', 0, '1'),
(544, '46', '62', 0, '2'),
(545, '46', '63', 0, '1'),
(546, '46', '63', 0, '2'),
(547, '46', '64', 0, '1'),
(548, '46', '64', 0, '2'),
(549, '46', '65', 0, '1'),
(550, '46', '65', 0, '2'),
(551, '46', '66', 0, '1'),
(552, '46', '66', 0, '2'),
(553, '47', '61', 0, '1'),
(554, '47', '61', 0, '2'),
(555, '47', '62', 0, '1'),
(556, '47', '62', 0, '2'),
(557, '47', '63', 0, '1'),
(558, '47', '63', 2, '2'),
(559, '47', '64', 0, '1'),
(560, '47', '64', 0, '2'),
(561, '47', '65', 0, '1'),
(562, '47', '65', 0, '2'),
(563, '47', '66', 0, '1'),
(564, '47', '66', 0, '2'),
(565, '48', '61', 0, '1'),
(566, '48', '61', 0, '2'),
(567, '48', '62', 0, '1'),
(568, '48', '62', 0, '2'),
(569, '48', '63', 0, '1'),
(570, '48', '63', 0, '2'),
(571, '48', '64', 0, '1'),
(572, '48', '64', 0, '2'),
(573, '48', '65', 0, '1'),
(574, '48', '65', 0, '2'),
(575, '48', '66', 0, '1'),
(576, '48', '66', 0, '2'),
(577, '49', '61', 0, '1'),
(578, '49', '61', 0, '2'),
(579, '49', '62', 0, '1'),
(580, '49', '62', 0, '2'),
(581, '49', '63', 0, '1'),
(582, '49', '63', 0, '2'),
(583, '49', '64', 0, '1'),
(584, '49', '64', 0, '2'),
(585, '49', '65', 0, '1'),
(586, '49', '65', 1, '2'),
(587, '49', '66', 0, '1'),
(588, '49', '66', 0, '2'),
(589, '50', '61', 0, '1'),
(590, '50', '61', 0, '2'),
(591, '50', '62', 0, '1'),
(592, '50', '62', 0, '2'),
(593, '50', '63', 0, '1'),
(594, '50', '63', 0, '2'),
(595, '50', '64', 0, '1'),
(596, '50', '64', 0, '2'),
(597, '50', '65', 0, '1'),
(598, '50', '65', 0, '2'),
(599, '50', '66', 0, '1'),
(600, '50', '66', 0, '2'),
(601, '51', '61', 1, '1'),
(602, '51', '61', 3, '2'),
(603, '51', '62', 0, '1'),
(604, '51', '62', 0, '2'),
(605, '51', '63', 1, '1'),
(606, '51', '63', 0, '2'),
(607, '51', '64', 3, '1'),
(608, '51', '64', 0, '2'),
(609, '51', '65', 1, '1'),
(610, '51', '65', 0, '2'),
(611, '51', '66', 0, '1'),
(612, '51', '66', 0, '2'),
(613, '52', '61', 0, '1'),
(614, '52', '61', 1, '2'),
(615, '52', '62', 0, '1'),
(616, '52', '62', 0, '2'),
(617, '52', '63', 0, '1'),
(618, '52', '63', 0, '2'),
(619, '52', '64', 0, '1'),
(620, '52', '64', 0, '2'),
(621, '52', '65', 0, '1'),
(622, '52', '65', 0, '2'),
(623, '52', '66', 0, '1'),
(624, '52', '66', 0, '2'),
(625, '53', '61', 0, '1'),
(626, '53', '61', 2, '2'),
(627, '53', '62', 0, '1'),
(628, '53', '62', 0, '2'),
(629, '53', '63', 0, '1'),
(630, '53', '63', 0, '2'),
(631, '53', '64', 0, '1'),
(632, '53', '64', 1, '2'),
(633, '53', '65', 1, '1'),
(634, '53', '65', 2, '2'),
(635, '53', '66', 0, '1'),
(636, '53', '66', 0, '2'),
(637, '54', '61', 1, '1'),
(638, '54', '61', 0, '2'),
(639, '54', '62', 0, '1'),
(640, '54', '62', 0, '2'),
(641, '54', '63', 3, '1'),
(642, '54', '63', 0, '2'),
(643, '54', '64', 0, '1'),
(644, '54', '64', 0, '2'),
(645, '54', '65', 0, '1'),
(646, '54', '65', 0, '2'),
(647, '54', '66', 0, '1'),
(648, '54', '66', 0, '2'),
(649, '55', '61', 0, '1'),
(650, '55', '61', 0, '2'),
(651, '55', '62', 0, '1'),
(652, '55', '62', 0, '2'),
(653, '55', '63', 0, '1'),
(654, '55', '63', 0, '2'),
(655, '55', '64', 0, '1'),
(656, '55', '64', 1, '2'),
(657, '55', '65', 12, '1'),
(658, '55', '65', 2, '2'),
(659, '55', '66', 9, '1'),
(660, '55', '66', 0, '2'),
(661, '56', '61', 0, '1'),
(662, '56', '61', 0, '2'),
(663, '56', '62', 0, '1'),
(664, '56', '62', 0, '2'),
(665, '56', '63', 0, '1'),
(666, '56', '63', 0, '2'),
(667, '56', '64', 1, '1'),
(668, '56', '64', 0, '2'),
(669, '56', '65', 0, '1'),
(670, '56', '65', 0, '2'),
(671, '56', '66', 0, '1'),
(672, '56', '66', 0, '2'),
(673, '57', '61', 0, '1'),
(674, '57', '61', 1, '2'),
(675, '57', '62', 0, '1'),
(676, '57', '62', 0, '2'),
(677, '57', '63', 0, '1'),
(678, '57', '63', 2, '2'),
(679, '57', '64', 0, '1'),
(680, '57', '64', 0, '2'),
(681, '57', '65', 0, '1'),
(682, '57', '65', 0, '2'),
(683, '57', '66', 0, '1'),
(684, '57', '66', 0, '2'),
(685, '58', '61', 0, '1'),
(686, '58', '61', 0, '2'),
(687, '58', '62', 0, '1'),
(688, '58', '62', 2, '2'),
(689, '58', '63', 0, '1'),
(690, '58', '63', 2, '2'),
(691, '58', '64', 0, '1'),
(692, '58', '64', 1, '2'),
(693, '58', '65', 0, '1'),
(694, '58', '65', 2, '2'),
(695, '58', '66', 0, '1'),
(696, '58', '66', 0, '2'),
(697, '59', '61', 0, '1'),
(698, '59', '61', 0, '2'),
(699, '59', '62', 0, '1'),
(700, '59', '62', 0, '2'),
(701, '59', '63', 0, '1'),
(702, '59', '63', 0, '2'),
(703, '59', '64', 0, '1'),
(704, '59', '64', 0, '2'),
(705, '59', '65', 0, '1'),
(706, '59', '65', 0, '2'),
(707, '59', '66', 0, '1'),
(708, '59', '66', 0, '2'),
(709, '60', '61', 0, '1'),
(710, '60', '61', 0, '2'),
(711, '60', '62', 0, '1'),
(712, '60', '62', 0, '2'),
(713, '60', '63', 0, '1'),
(714, '60', '63', 0, '2'),
(715, '60', '64', 0, '1'),
(716, '60', '64', 0, '2'),
(717, '60', '65', 0, '1'),
(718, '60', '65', 0, '2'),
(719, '60', '66', 0, '1'),
(720, '60', '66', 0, '2'),
(721, '61', '61', 0, '1'),
(722, '61', '61', 3, '2'),
(723, '61', '62', 0, '1'),
(724, '61', '62', 1, '2'),
(725, '61', '63', 0, '1'),
(726, '61', '63', 1, '2'),
(727, '61', '64', 0, '1'),
(728, '61', '64', 0, '2'),
(729, '61', '65', 0, '1'),
(730, '61', '65', 0, '2'),
(731, '61', '66', 0, '1'),
(732, '61', '66', 0, '2'),
(733, '62', '61', 2, '1'),
(734, '62', '61', 1, '2'),
(735, '62', '62', 0, '1'),
(736, '62', '62', 2, '2'),
(737, '62', '63', 0, '1'),
(738, '62', '63', 2, '2'),
(739, '62', '64', 0, '1'),
(740, '62', '64', 3, '2'),
(741, '62', '65', 0, '1'),
(742, '62', '65', 3, '2'),
(743, '62', '66', 0, '1'),
(744, '62', '66', 0, '2'),
(745, '63', '61', 0, '1'),
(746, '63', '61', 0, '2'),
(747, '63', '62', 0, '1'),
(748, '63', '62', 0, '2'),
(749, '63', '63', 0, '1'),
(750, '63', '63', 2, '2'),
(751, '63', '64', 0, '1'),
(752, '63', '64', 1, '2'),
(753, '63', '65', 0, '1'),
(754, '63', '65', 0, '2'),
(755, '63', '66', 0, '1'),
(756, '63', '66', 0, '2'),
(757, '64', '61', 0, '1'),
(758, '64', '61', 2, '2'),
(759, '64', '62', 0, '1'),
(760, '64', '62', 0, '2'),
(761, '64', '63', 1, '1'),
(762, '64', '63', 3, '2'),
(763, '64', '64', 0, '1'),
(764, '64', '64', 2, '2'),
(765, '64', '65', 0, '1'),
(766, '64', '65', 0, '2'),
(767, '64', '66', 0, '1'),
(768, '64', '66', 0, '2'),
(769, '65', '61', 0, '1'),
(770, '65', '61', 2, '2'),
(771, '65', '62', 0, '1'),
(772, '65', '62', 0, '2'),
(773, '65', '63', 0, '1'),
(774, '65', '63', 0, '2'),
(775, '65', '64', 0, '1'),
(776, '65', '64', 0, '2'),
(777, '65', '65', 0, '1'),
(778, '65', '65', 0, '2'),
(779, '65', '66', 0, '1'),
(780, '65', '66', 0, '2'),
(781, '66', '61', 0, '1'),
(782, '66', '61', 1, '2'),
(783, '66', '62', 0, '1'),
(784, '66', '62', 0, '2'),
(785, '66', '63', 0, '1'),
(786, '66', '63', 0, '2'),
(787, '66', '64', 0, '1'),
(788, '66', '64', 0, '2'),
(789, '66', '65', 0, '1'),
(790, '66', '65', 0, '2'),
(791, '66', '66', 0, '1'),
(792, '66', '66', 0, '2'),
(793, '67', '61', 0, '1'),
(794, '67', '61', 1, '2'),
(795, '67', '62', 0, '1'),
(796, '67', '62', 0, '2'),
(797, '67', '63', 0, '1'),
(798, '67', '63', 0, '2'),
(799, '67', '64', 0, '1'),
(800, '67', '64', 0, '2'),
(801, '67', '65', 0, '1'),
(802, '67', '65', 0, '2'),
(803, '67', '66', 0, '1'),
(804, '67', '66', 0, '2'),
(805, '68', '61', 0, '1'),
(806, '68', '61', 0, '2'),
(807, '68', '62', 0, '1'),
(808, '68', '62', 0, '2'),
(809, '68', '63', 0, '1'),
(810, '68', '63', 1, '2'),
(811, '68', '64', 0, '1'),
(812, '68', '64', 0, '2'),
(813, '68', '65', 0, '1'),
(814, '68', '65', 0, '2'),
(815, '68', '66', 0, '1'),
(816, '68', '66', 0, '2'),
(817, '69', '61', 0, '1'),
(818, '69', '61', 2, '2'),
(819, '69', '62', 0, '1'),
(820, '69', '62', 0, '2'),
(821, '69', '63', 0, '1'),
(822, '69', '63', 1, '2'),
(823, '69', '64', 0, '1'),
(824, '69', '64', 0, '2'),
(825, '69', '65', 0, '1'),
(826, '69', '65', 2, '2'),
(827, '69', '66', 1, '1'),
(828, '69', '66', 0, '2'),
(829, '70', '61', 2, '1'),
(830, '70', '61', 0, '2'),
(831, '70', '62', 0, '1'),
(832, '70', '62', 1, '2'),
(833, '70', '63', 0, '1'),
(834, '70', '63', 0, '2'),
(835, '70', '64', 0, '1'),
(836, '70', '64', 0, '2'),
(837, '70', '65', 1, '1'),
(838, '70', '65', 0, '2'),
(839, '70', '66', 0, '1'),
(840, '70', '66', 0, '2'),
(841, '71', '61', 0, '1'),
(842, '71', '61', 1, '2'),
(843, '71', '62', 0, '1'),
(844, '71', '62', 0, '2'),
(845, '71', '63', 0, '1'),
(846, '71', '63', 0, '2'),
(847, '71', '64', 0, '1'),
(848, '71', '64', 0, '2'),
(849, '71', '65', 0, '1'),
(850, '71', '65', 0, '2'),
(851, '71', '66', 0, '1'),
(852, '71', '66', 0, '2'),
(853, '72', '61', 1, '1'),
(854, '72', '61', 4, '2'),
(855, '72', '62', 0, '1'),
(856, '72', '62', 0, '2'),
(857, '72', '63', 0, '1'),
(858, '72', '63', 3, '2'),
(859, '72', '64', 0, '1'),
(860, '72', '64', 0, '2'),
(861, '72', '65', 3, '1'),
(862, '72', '65', 1, '2'),
(863, '72', '66', 0, '1'),
(864, '72', '66', 0, '2'),
(865, '73', '61', 2, '1'),
(866, '73', '61', 1, '2'),
(867, '73', '62', 0, '1'),
(868, '73', '62', 0, '2'),
(869, '73', '63', 0, '1'),
(870, '73', '63', 0, '2'),
(871, '73', '64', 0, '1'),
(872, '73', '64', 0, '2'),
(873, '73', '65', 0, '1'),
(874, '73', '65', 0, '2'),
(875, '73', '66', 0, '1'),
(876, '73', '66', 0, '2'),
(877, '74', '61', 1, '1'),
(878, '74', '61', 0, '2'),
(879, '74', '62', 0, '1'),
(880, '74', '62', 0, '2'),
(881, '74', '63', 0, '1'),
(882, '74', '63', 0, '2'),
(883, '74', '64', 0, '1'),
(884, '74', '64', 0, '2'),
(885, '74', '65', 0, '1'),
(886, '74', '65', 1, '2'),
(887, '74', '66', 0, '1'),
(888, '74', '66', 0, '2'),
(889, '75', '61', 0, '1'),
(890, '75', '61', 0, '2'),
(891, '75', '62', 0, '1'),
(892, '75', '62', 0, '2'),
(893, '75', '63', 0, '1'),
(894, '75', '63', 2, '2'),
(895, '75', '64', 0, '1'),
(896, '75', '64', 0, '2'),
(897, '75', '65', 2, '1'),
(898, '75', '65', 0, '2'),
(899, '75', '66', 0, '1'),
(900, '75', '66', 0, '2'),
(901, '76', '61', 0, '1'),
(902, '76', '61', 0, '2'),
(903, '76', '62', 0, '1'),
(904, '76', '62', 0, '2'),
(905, '76', '63', 2, '1'),
(906, '76', '63', 2, '2'),
(907, '76', '64', 0, '1'),
(908, '76', '64', 0, '2'),
(909, '76', '65', 0, '1'),
(910, '76', '65', 0, '2'),
(911, '76', '66', 0, '1'),
(912, '76', '66', 0, '2'),
(913, '77', '61', 0, '1'),
(914, '77', '61', 0, '2'),
(915, '77', '62', 0, '1'),
(916, '77', '62', 0, '2'),
(917, '77', '63', 0, '1'),
(918, '77', '63', 0, '2'),
(919, '77', '64', 0, '1'),
(920, '77', '64', 0, '2'),
(921, '77', '65', 0, '1'),
(922, '77', '65', 0, '2'),
(923, '77', '66', 0, '1'),
(924, '77', '66', 0, '2'),
(925, '78', '61', 0, '1'),
(926, '78', '61', 0, '2'),
(927, '78', '62', 0, '1'),
(928, '78', '62', 0, '2'),
(929, '78', '63', 0, '1'),
(930, '78', '63', 1, '2'),
(931, '78', '64', 0, '1'),
(932, '78', '64', 0, '2'),
(933, '78', '65', 0, '1'),
(934, '78', '65', 1, '2'),
(935, '78', '66', 0, '1'),
(936, '78', '66', 0, '2'),
(937, '79', '61', 0, '1'),
(938, '79', '61', 0, '2'),
(939, '79', '62', 0, '1'),
(940, '79', '62', 0, '2'),
(941, '79', '63', 0, '1'),
(942, '79', '63', 0, '2'),
(943, '79', '64', 0, '1'),
(944, '79', '64', 0, '2'),
(945, '79', '65', 0, '1'),
(946, '79', '65', 1, '2'),
(947, '79', '66', 0, '1'),
(948, '79', '66', 0, '2'),
(949, '80', '61', 0, '1'),
(950, '80', '61', 0, '2'),
(951, '80', '62', 0, '1'),
(952, '80', '62', 0, '2'),
(953, '80', '63', 0, '1'),
(954, '80', '63', 0, '2'),
(955, '80', '64', 0, '1'),
(956, '80', '64', 0, '2'),
(957, '80', '65', 1, '1'),
(958, '80', '65', 0, '2'),
(959, '80', '66', 0, '1'),
(960, '80', '66', 0, '2'),
(961, '81', '61', 0, '1'),
(962, '81', '61', 0, '2'),
(963, '81', '62', 0, '1'),
(964, '81', '62', 0, '2'),
(965, '81', '63', 0, '1'),
(966, '81', '63', 2, '2'),
(967, '81', '64', 1, '1'),
(968, '81', '64', 0, '2'),
(969, '81', '65', 0, '1'),
(970, '81', '65', 0, '2'),
(971, '81', '66', 0, '1'),
(972, '81', '66', 0, '2'),
(973, '82', '61', 0, '1'),
(974, '82', '61', 0, '2'),
(975, '82', '62', 0, '1'),
(976, '82', '62', 1, '2'),
(977, '82', '63', 0, '1'),
(978, '82', '63', 0, '2'),
(979, '82', '64', 0, '1'),
(980, '82', '64', 0, '2'),
(981, '82', '65', 0, '1'),
(982, '82', '65', 0, '2'),
(983, '82', '66', 0, '1'),
(984, '82', '66', 0, '2'),
(985, '83', '61', 0, '1'),
(986, '83', '61', 0, '2'),
(987, '83', '62', 0, '1'),
(988, '83', '62', 1, '2'),
(989, '83', '63', 0, '1'),
(990, '83', '63', 0, '2'),
(991, '83', '64', 0, '1'),
(992, '83', '64', 0, '2'),
(993, '83', '65', 0, '1'),
(994, '83', '65', 0, '2'),
(995, '83', '66', 0, '1'),
(996, '83', '66', 0, '2'),
(997, '84', '61', 0, '1'),
(998, '84', '61', 0, '2'),
(999, '84', '62', 0, '1'),
(1000, '84', '62', 0, '2'),
(1001, '84', '63', 0, '1'),
(1002, '84', '63', 0, '2'),
(1003, '84', '64', 0, '1'),
(1004, '84', '64', 0, '2'),
(1005, '84', '65', 0, '1'),
(1006, '84', '65', 2, '2'),
(1007, '84', '66', 0, '1'),
(1008, '84', '66', 0, '2'),
(1009, '85', '61', 0, '1'),
(1010, '85', '61', 0, '2'),
(1011, '85', '62', 0, '1'),
(1012, '85', '62', 1, '2'),
(1013, '85', '63', 0, '1'),
(1014, '85', '63', 0, '2'),
(1015, '85', '64', 0, '1'),
(1016, '85', '64', 0, '2'),
(1017, '85', '65', 0, '1'),
(1018, '85', '65', 0, '2'),
(1019, '85', '66', 0, '1'),
(1020, '85', '66', 0, '2'),
(1021, '86', '61', 0, '1'),
(1022, '86', '61', 0, '2'),
(1023, '86', '62', 0, '1'),
(1024, '86', '62', 0, '2'),
(1025, '86', '63', 0, '1'),
(1026, '86', '63', 0, '2'),
(1027, '86', '64', 0, '1'),
(1028, '86', '64', 1, '2'),
(1029, '86', '65', 0, '1'),
(1030, '86', '65', 0, '2'),
(1031, '86', '66', 0, '1'),
(1032, '86', '66', 0, '2'),
(1033, '87', '61', 0, '1'),
(1034, '87', '61', 0, '2'),
(1035, '87', '62', 0, '1'),
(1036, '87', '62', 0, '2'),
(1037, '87', '63', 0, '1'),
(1038, '87', '63', 0, '2'),
(1039, '87', '64', 0, '1'),
(1040, '87', '64', 0, '2'),
(1041, '87', '65', 0, '1'),
(1042, '87', '65', 0, '2'),
(1043, '87', '66', 0, '1'),
(1044, '87', '66', 0, '2'),
(1045, '88', '61', 0, '1'),
(1046, '88', '61', 0, '2'),
(1047, '88', '62', 0, '1'),
(1048, '88', '62', 0, '2'),
(1049, '88', '63', 0, '1'),
(1050, '88', '63', 0, '2'),
(1051, '88', '64', 0, '1'),
(1052, '88', '64', 0, '2'),
(1053, '88', '65', 0, '1'),
(1054, '88', '65', 0, '2'),
(1055, '88', '66', 0, '1'),
(1056, '88', '66', 0, '2'),
(1057, '89', '61', 0, '1'),
(1058, '89', '61', 0, '2'),
(1059, '89', '62', 0, '1'),
(1060, '89', '62', 0, '2'),
(1061, '89', '63', 0, '1'),
(1062, '89', '63', 0, '2'),
(1063, '89', '64', 0, '1'),
(1064, '89', '64', 0, '2'),
(1065, '89', '65', 0, '1'),
(1066, '89', '65', 1, '2'),
(1067, '89', '66', 0, '1'),
(1068, '89', '66', 0, '2'),
(1069, '90', '61', 0, '1'),
(1070, '90', '61', 2, '2'),
(1071, '90', '62', 0, '1'),
(1072, '90', '62', 1, '2'),
(1073, '90', '63', 0, '1'),
(1074, '90', '63', 0, '2'),
(1075, '90', '64', 0, '1'),
(1076, '90', '64', 2, '2'),
(1077, '90', '65', 0, '1'),
(1078, '90', '65', 0, '2'),
(1079, '90', '66', 0, '1'),
(1080, '90', '66', 0, '2'),
(1081, '91', '61', 0, '1'),
(1082, '91', '61', 0, '2'),
(1083, '91', '62', 0, '1'),
(1084, '91', '62', 0, '2'),
(1085, '91', '63', 0, '1'),
(1086, '91', '63', 0, '2'),
(1087, '91', '64', 0, '1'),
(1088, '91', '64', 1, '2'),
(1089, '91', '65', 0, '1'),
(1090, '91', '65', 0, '2'),
(1091, '91', '66', 0, '1'),
(1092, '91', '66', 0, '2');

-- --------------------------------------------------------

--
-- Table structure for table `region`
--

CREATE TABLE `region` (
  `id` int(11) NOT NULL,
  `name` varchar(255) DEFAULT NULL
) ENGINE=InnoDB DEFAULT CHARSET=utf8 COLLATE=utf8_bin;

--
-- Dumping data for table `region`
--

INSERT INTO `region` (`id`, `name`) VALUES
(1, 'ภาคเหนือ'),
(2, 'ภาคตะวันออกเฉียงเหนือ'),
(3, 'ภาคตะวันตก'),
(4, 'ภาคกลาง'),
(5, 'ภาคตะวันออก'),
(6, 'ภาคใต้'),
(7, 'กรุงเทพ ปริมณฑล'),
(8, 'ม.นเรศวร'),
(9, 'พิษณุโลก');

--
-- Indexes for dumped tables
--

--
-- Indexes for table `detail`
--
ALTER TABLE `detail`
  ADD PRIMARY KEY (`id`);

--
-- Indexes for table `facuty`
--
ALTER TABLE `facuty`
  ADD PRIMARY KEY (`id`);

--
-- Indexes for table `province`
--
ALTER TABLE `province`
  ADD PRIMARY KEY (`id`),
  ADD KEY `region_id` (`region_id`);

--
-- Indexes for table `recieve_year`
--
ALTER TABLE `recieve_year`
  ADD PRIMARY KEY (`id`);

--
-- Indexes for table `region`
--
ALTER TABLE `region`
  ADD PRIMARY KEY (`id`);

--
-- AUTO_INCREMENT for dumped tables
--

--
-- AUTO_INCREMENT for table `detail`
--
ALTER TABLE `detail`
  MODIFY `id` int(11) NOT NULL AUTO_INCREMENT, AUTO_INCREMENT=113;

--
-- AUTO_INCREMENT for table `facuty`
--
ALTER TABLE `facuty`
  MODIFY `id` int(11) NOT NULL AUTO_INCREMENT, AUTO_INCREMENT=7;

--
-- AUTO_INCREMENT for table `recieve_year`
--
ALTER TABLE `recieve_year`
  MODIFY `id` int(11) NOT NULL AUTO_INCREMENT, AUTO_INCREMENT=1093;
COMMIT;

/*!40101 SET CHARACTER_SET_CLIENT=@OLD_CHARACTER_SET_CLIENT */;
/*!40101 SET CHARACTER_SET_RESULTS=@OLD_CHARACTER_SET_RESULTS */;
/*!40101 SET COLLATION_CONNECTION=@OLD_COLLATION_CONNECTION */;
