-- phpMyAdmin SQL Dump
-- version 5.2.1
-- https://www.phpmyadmin.net/
--
-- Host: 127.0.0.1
-- Generation Time: Mar 31, 2025 at 05:30 PM
-- Server version: 10.4.32-MariaDB
-- PHP Version: 8.0.30

SET SQL_MODE = "NO_AUTO_VALUE_ON_ZERO";
START TRANSACTION;
SET time_zone = "+00:00";


/*!40101 SET @OLD_CHARACTER_SET_CLIENT=@@CHARACTER_SET_CLIENT */;
/*!40101 SET @OLD_CHARACTER_SET_RESULTS=@@CHARACTER_SET_RESULTS */;
/*!40101 SET @OLD_COLLATION_CONNECTION=@@COLLATION_CONNECTION */;
/*!40101 SET NAMES utf8mb4 */;

--
-- Database: `internship_medsci1`
--

-- --------------------------------------------------------

--
-- Table structure for table `detail`
--

CREATE TABLE `detail` (
  `id` int(11) NOT NULL,
  `region_id` varchar(10) NOT NULL,
  `facuty_id` varchar(10) NOT NULL,
  `establishment_id` int(11) NOT NULL,
  `location` varchar(255) NOT NULL,
  `internship_type` varchar(50) NOT NULL,
  `department` varchar(50) NOT NULL,
  `address` varchar(255) NOT NULL,
  `sendto` varchar(50) NOT NULL,
  `coordinator` varchar(50) NOT NULL,
  `Scope_work` text NOT NULL,
  `receive_term1` varchar(50) NOT NULL,
  `receive_term2` varchar(50) NOT NULL,
  `province` varchar(50) NOT NULL,
  `latitude` decimal(11,8) NOT NULL,
  `longtitude` decimal(11,8) NOT NULL,
  `picture_path` varchar(50) NOT NULL
) ENGINE=InnoDB DEFAULT CHARSET=utf8 COLLATE=utf8_bin;

--
-- Dumping data for table `detail`
--

INSERT INTO `detail` (`id`, `region_id`, `facuty_id`, `establishment_id`, `location`, `internship_type`, `department`, `address`, `sendto`, `coordinator`, `Scope_work`, `receive_term1`, `receive_term2`, `province`, `latitude`, `longtitude`, `picture_path`) VALUES
(153, '4', '', 0, 'กองพิสูจน์หลักฐานกลาง อาคาร 14-15 สำนักงานตำรวจแห่งชาติ กลุ่มงานตรวจชีววิทยาและดีเอ็นเอ', 'สหกิจศึกษา', '', '', '', '', '', '', '', 'กรุงเทพฯ', 13.79300000, 100.62600000, ''),
(154, '4', '', 0, 'การประปานครหลวง ส่วนวิเคราะห์คุณภาพน้ำระบบผลิต ฝ่ายโรงงานผลิตน้ำบางเขน', 'สหกิจศึกษา', '', '', '', '', '', '', '', 'กรุงเทพฯ', 13.79300000, 100.62600000, ''),
(155, '4', '6', 0, 'จุฬาลงกรณ์มหาวิทยาลัย คณะแพทยศาสตร์', 'สหกิจศึกษา', '', '', '', '', '', '', '', 'กรุงเทพฯ', 13.79300000, 100.62600000, ''),
(156, '4', '', 0, 'บริษัท กรุงเทพ อาร์ ไอ เอ แล็บ จำกัด (BRIA lab)', 'สหกิจศึกษา', '', '', '', '', '', '', '', 'กรุงเทพฯ', 13.79300000, 100.62600000, ''),
(157, '4', '', 0, 'บริษัท ศูนย์ห้องปฏิบัติการและวิจัยทางการแพทย์ และการเกษตรแห่งเอเซีย จำกัด (AMARC)', 'สหกิจศึกษา', '', '', '', '', '', '', '', 'กรุงเทพฯ', 13.79300000, 100.62600000, ''),
(158, '4', '', 0, 'บริษัท ห้องปฏิบัติการกลาง (ประเทศไทย) จำกัด สาขากรุงเทพ', 'สหกิจศึกษา', '', '', '', '', '', '', '', 'กรุงเทพฯ', 13.79300000, 100.62600000, ''),
(159, '4', '', 0, 'บริษัท เอ็น เฮลท์ พยาธิวิทยา จำกัด (ซอยศูนย์วิจัย) N-Health สาขากรุงเทพฯ เขตห้วยขวาง', 'สหกิจศึกษา', '', '', '', '', '', '', '', 'กรุงเทพฯ', 13.79300000, 100.62600000, ''),
(160, '4', '1', 0, 'บริษัท ไฮเทค แล็ป จํากัด', 'สหกิจศึกษา', '', '', '', '', '', '', '', 'กรุงเทพฯ', 13.79300000, 100.62600000, ''),
(161, '4', '', 0, 'มหาวิทยาลัยเกษตรศาสตร์ ศูนย์นวัตกรรมวัคซีนและชีวภัณฑ์', 'สหกิจศึกษา', '', '', '', '', '', '', '', 'กรุงเทพฯ', 13.79300000, 100.62600000, ''),
(162, '4', '', 0, 'มหาวิทยาลัยเกษตรศาสตร์ สถาบันค้นคว้าและพัฒนาผลิตภัณฑ์อาหาร', 'สหกิจศึกษา', '', '', '', '', '', '', '', 'กรุงเทพฯ', 13.79300000, 100.62600000, ''),
(163, '4', '', 0, 'มหาวิทยาลัยเทคโนโลยีพระจอมเกล้าธนบุรี สถาบันพัฒนาและฝึกอบรมโรงงานต้นแบบ', 'สหกิจศึกษา', '', '', '', '', '', '', '', 'กรุงเทพฯ', 13.79300000, 100.62600000, ''),
(164, '4', '', 0, 'มหาวิทยาลัยมหิดล คณะทันตแพทยศาสตร์ ภาควิชาชีววิทยาช่องปาก (รศ.ดร.อารี วนสุนทรวงศ์)', 'สหกิจศึกษา', '', '', '', '', '', '', '', 'กรุงเทพฯ', 13.79300000, 100.62600000, ''),
(165, '4', '', 0, 'มหาวิทยาลัยมหิดล คณะแพทยศาสตร์โรงพยาบาลรามาธิบดี ภาควิชาพยาธิวิทยา', 'สหกิจศึกษา', '', '', '', '', '', '', '', 'กรุงเทพฯ', 13.79300000, 100.62600000, ''),
(166, '4', '', 0, 'มหาวิทยาลัยมหิดล คณะแพทยศาสตร์ศิริราชพยาบาล', 'สหกิจศึกษา', '', '', '', '', '', '', '', 'กรุงเทพฯ', 13.79300000, 100.62600000, ''),
(167, '4', '', 0, 'มหาวิทยาลัยมหิดล คณะวิทยาศาสตร์ ภาควิชาชีววิทยา (ผศ.ดร.ป๋วย อุ่นใจ)', 'สหกิจศึกษา', '', '', '', '', '', '', '', 'กรุงเทพฯ', 13.79300000, 100.62600000, ''),
(168, '4', '', 0, 'มหาวิทยาลัยมหิดล คณะวิทยาศาสตร์ หน่วยวิจัยเพื่อความเป็นเลิศเทคโนโลยีชีวภาพกุ้ง (Centex shrimp)', 'สหกิจศึกษา', '', '', '', '', '', '', '', 'กรุงเทพฯ', 13.79300000, 100.62600000, ''),
(169, '4', '', 0, 'มหาวิทยาลัยมหิดล คณะเวชศาสตร์เขตร้อน ภาควิชาอายุรศาสตร์เขตร้อน', 'สหกิจศึกษา', '', '', '', '', '', '', '', 'กรุงเทพฯ', 13.79300000, 100.62600000, ''),
(170, '4', '', 0, 'โรงพยาบาลภูมิพลอดุลยเดช กรมแพทย์ทหารอากาศ', 'สหกิจศึกษา', '', '', '', '', '', '', '', 'กรุงเทพฯ', 13.79300000, 100.62600000, ''),
(171, '4', '', 0, 'โรงพยาบาลราชวิถี', 'สหกิจศึกษา', '', '', '', '', '', '', '', 'กรุงเทพฯ', 13.79300000, 100.62600000, ''),
(172, '4', '', 0, 'สถาบันบัณฑิตศึกษาจุฬาภรณ์ (สถาบันวิจัยจุฬาภรณ์ กลุ่มงานวิจัย)', 'สหกิจศึกษา', '', '', '', '', '', '', '', 'กรุงเทพฯ', 13.79300000, 100.62600000, ''),
(173, '4', '', 0, 'สถาบันพยาธิวิทยา กรมการแพทย์ กระทรวงสาธารณสุข', 'สหกิจศึกษา', '', '', '', '', '', '', '', 'กรุงเทพฯ', 13.79300000, 100.62600000, ''),
(174, '4', '', 0, 'สถาบันพยาธิวิทยา ศูนย์อำนวยการแพทย์พระมงกุฎเกล้า', 'สหกิจศึกษา', '', '', '', '', '', '', '', 'กรุงเทพฯ', 13.79300000, 100.62600000, ''),
(175, '4', '', 0, 'สถาบันวิจัยจุฬาภรณ์ สำนักวิจัย งานวิจัยด้านชีวการแพทย์ ห้องปฏิบัติการเภสัชวิทยา', 'สหกิจศึกษา', '', '', '', '', '', '', '', 'กรุงเทพฯ', 13.79300000, 100.62600000, ''),
(176, '4', '', 0, 'สถาบันวิจัยและพัฒนา องค์การเภสัชกรรม', 'การฝึกงาน', '', '', '', '', '', '', '', 'กรุงเทพฯ', 13.79300000, 100.62600000, ''),
(177, '4', '', 0, 'สถาบันวิจัยวิทยาศาสตร์การแพทย์ทหาร กรุงเทพฯ', 'สหกิจศึกษา', '', '', '', 'วพ (รวมจุล) นางสาวแพรวา ฤทธิ์เต็ม', '', '', '', 'กรุงเทพฯ', 13.79300000, 100.62600000, ''),
(178, '4', '', 0, 'สถาบันอาหาร กรุงเทพฯ', 'สหกิจศึกษา', '', '', '', '', '', '', '', 'กรุงเทพฯ', 13.79300000, 100.62600000, ''),
(179, '4', '', 0, 'บริษัท อายิโน๊ะโมโต๊ะ (ประเทศไทย) จำกัด โรงงานกำแพงเพชร', 'สหกิจศึกษา', '', '', '', '', '', '', '', 'กำแพงเพชร', 16.40090000, 99.50980000, ''),
(180, '4', '', 0, 'พิสูจน์หลักฐานจังหวัดกำแพงเพชร', 'สหกิจศึกษา', '', '', '', '', '', '', '', 'กำแพงเพชร', 16.40090000, 99.50980000, ''),
(181, '2', '', 0, 'บริษัท ห้องปฏิบัติการกลาง (ประเทศไทย) จำกัด สาขาขอนแก่น', 'สหกิจศึกษา', '', '', '', '', '', '', '', 'ขอนแก่น', 16.57620000, 102.68300000, ''),
(182, '2', '', 0, 'มหาวิทยาลัยขอนแก่น คณะแพทยศาสตร์', 'สหกิจศึกษา', '', '', '', '', '', '', '', 'ขอนแก่น', 16.57620000, 102.68300000, ''),
(183, '2', '', 0, 'ศูนย์พิสูจน์หลักฐาน 4 ขอนแก่น', 'สหกิจศึกษา', '', '', '', '', '', '', '', 'ขอนแก่น', 16.57620000, 102.68300000, ''),
(184, '2', '', 0, 'ศูนย์วิทยาศาสตร์การแพทย์ที่ 7 ขอนแก่น', 'สหกิจศึกษา', '', '', '', '', '', '', '', 'ขอนแก่น', 16.57620000, 102.68300000, ''),
(185, '5', '', 0, 'การประปาส่วนภูมิภาคเขต 1 ชลบุรี', 'สหกิจศึกษา', '', '', '', '', '', '', '', 'ชลบุรี', 13.29880000, 101.27800000, ''),
(186, '5', '', 0, 'บริษัท คอลเกต-ปาล์มโอลีฟ (ประเทศไทย) จํากัด จ.ชลบุรี', 'สหกิจศึกษา', '', '', '', '', '', '', '', 'ชลบุรี', 13.29880000, 101.27800000, ''),
(187, '5', '', 0, 'บริษัท มี้ด จอห์นสัน นิวทริชัน (ประเทศไทย) จำกัด จ.ชลบุรี', 'สหกิจศึกษา', '', '', '', '', '', '', '', 'ชลบุรี', 13.29880000, 101.27800000, ''),
(188, '5', '', 0, 'บริษัท เอฟซี ลาบอราทอรี่ จำกัด จ.ชลบุรี', 'สหกิจศึกษา', '', '', '', '', '', '', '', 'ชลบุรี', 13.29880000, 101.27800000, ''),
(189, '5', '', 0, 'มหาวิทยาลัยบูรพา คณะเภสัชศาสตร์', 'การฝึกงาน', '', '', '', '', '', '', '', 'ชลบุรี', 13.29880000, 101.27800000, ''),
(190, '5', '', 0, 'โรงพยาบาลชลบุรี', 'สหกิจศึกษา', '', '', '', '', '', '', '', 'ชลบุรี', 13.29880000, 101.27800000, ''),
(191, '5', '', 0, 'โรงพยาบาลสมเด็จพระนางเจ้าสิริกิติ์ กรมแพทย์ทหารเรือ', 'สหกิจศึกษา', '', '', '', '', '', '', '', 'ชลบุรี', 13.29880000, 101.27800000, ''),
(192, '5', '', 0, 'ศูนย์พิสูจน์หลักฐาน 2 ชลบุรี กลุ่มงานตรวจสถานที่เกิดเหตุ', 'สหกิจศึกษา', '', '', '', 'ทำหนังสือฝากชีวเคมี', '', '', '', 'ชลบุรี', 13.29880000, 101.27800000, ''),
(193, '5', '', 0, 'ศูนย์วิจัยและพัฒนาการสัตวแพทย์ภาคตะวันออก จังหวัดชลบุรี', 'สหกิจศึกษา', '', '', '', '', '', '', '', 'ชลบุรี', 13.29880000, 101.27800000, ''),
(194, '5', '', 0, 'ศูนย์วิทยาศาสตร์การแพทย์ที่ 6 ชลบุรี', 'สหกิจศึกษา', '', '', '', '', '', '', '', 'ชลบุรี', 13.29880000, 101.27800000, ''),
(195, '1', '', 0, 'บริษัท นาอีฟ อินโนว่า จำกัด', 'สหกิจศึกษา', '', '', '', '', '', '', '', 'เชียงราย', 19.96070000, 99.90590000, ''),
(196, '1', '', 0, 'มหาวิทยาลัยแม่ฟ้าหลวง ศูนย์เครื่องมือวิทยาศาสตร์และเทคโนโลยี', 'การฝึกงาน', '', '', '', '', '', '', '', 'เชียงราย', 19.96070000, 99.90590000, ''),
(197, '1', '', 0, 'โรงพยาบาลเชียงรายประชานุเคราะห์ (ด้านพยาธิวิทยา)', 'สหกิจศึกษา', '', '', '', '', '', '', '', 'เชียงราย', 19.96070000, 99.90590000, ''),
(198, '1', '', 0, 'ศูนย์วิทยาศาสตร์การแพทย์ที่ 1/1 เชียงราย', 'สหกิจศึกษา', '', '', '', '', '', '', '', 'เชียงราย', 19.96070000, 99.90590000, ''),
(199, '1', '', 0, 'บริษัท ห้องปฏิบัติการกลาง (ประเทศไทย) จำกัด สาขาเชียงใหม่', 'สหกิจศึกษา', '', '', '', '', '', '', '', 'เชียงใหม่', 18.83680000, 98.69670000, ''),
(200, '1', '', 0, 'บริษัท อีสท์ เวสท์ ซีด จำกัด (สาขาเชียงใหม่)', 'สหกิจศึกษา', '', '', '', '', '', '', '', 'เชียงใหม่', 18.83680000, 98.69670000, ''),
(201, '1', '', 0, 'บริษัท เอ็น เฮลท์ พยาธิวิทยา จำกัด (ซอยศูนย์วิจัย) N-Health สาขาเชียงใหม่', 'สหกิจศึกษา', '', '', '', '', '', '', '', 'เชียงใหม่', 18.83680000, 98.69670000, ''),
(202, '1', '', 0, 'พิสูจน์หลักฐานจังหวัดเชียงใหม่', 'สหกิจศึกษา', '', '', '', '', '', '', '', 'เชียงใหม่', 18.83680000, 98.69670000, ''),
(203, '1', '', 0, 'มหาวิทยาลัยเชียงใหม่ คณะแพทยศาสตร์', 'สหกิจศึกษา', '', '', '', '', '', '', '', 'เชียงใหม่', 18.83680000, 98.69670000, ''),
(204, '1', '', 0, 'มหาวิทยาลัยเชียงใหม่ คณะสัตวแพทยศาสตร์ ศูนย์เวชศาสตร์ชันสูตรและนวัตกรรมด้านสุขภาพสัตว์', 'การฝึกงาน', '', '', '', 'วพ (จุลฝาก)', '', '', '', 'เชียงใหม่', 18.83680000, 98.69670000, ''),
(205, '1', '', 0, 'มหาวิทยาลัยเชียงใหม่ สถาบันวิจัยวิทยาศาสตร์สุขภาพ', 'การฝึกงาน', '', '', '', '', '', '', '', 'เชียงใหม่', 18.83680000, 98.69670000, ''),
(206, '1', '', 0, 'มหาวิทยาลัยเชียงใหม่ สถาบันวิศวกรรมชีวการแพทย์', 'สหกิจศึกษา', '', '', '', '', '', '', '', 'เชียงใหม่', 18.83680000, 98.69670000, ''),
(207, '1', '', 0, 'มหาวิทยาลัยแม่โจ้ สถาบันบริการตรวจสอบคุณภาพและมาตรฐานผลิตภัณฑ์ (IQS)', 'สหกิจศึกษา', '', '', '', '', '', '', '', 'เชียงใหม่', 18.83680000, 98.69670000, ''),
(208, '1', '', 0, 'โรงพยาบาลเทพปัญญา', 'สหกิจศึกษา', '', '', '', '', '', '', '', 'เชียงใหม่', 18.83680000, 98.69670000, ''),
(209, '1', '', 0, 'โรงพยาบาลนครพิงค์ จ.เชียงใหม่', 'สหกิจศึกษา', '', '', '', '', '', '', '', 'เชียงใหม่', 18.83680000, 98.69670000, ''),
(210, '1', '', 0, 'ศูนย์วิทยาศาสตร์การแพทย์ที่ 1 เชียงใหม่ กลุ่มคุ้มครองผู้บริโภคด้านสาธารณสุข กลุ่มงานอาหาร', 'สหกิจศึกษา', '', '', '', '', '', '', '', 'เชียงใหม่', 18.83680000, 98.69670000, ''),
(211, '1', '', 0, 'อสค เชียงใหม่ (องค์การส่งเสริมกิจการโคนมเเห่งประเทศไทย ภาคเหนือตอนบน)', 'สหกิจศึกษา', '', '', '', '', '', '', '', 'เชียงใหม่', 18.83680000, 98.69670000, ''),
(212, '3', '', 0, 'ศูนย์วิจัยมาลาเรียโซโกล Shoklo Malaria Research Unit (SMRU) จ.ตาก', 'สหกิจศึกษา', '', '', '', '', '', '', '', 'ตาก', 17.00430000, 98.84410000, ''),
(213, '', '', 0, 'Tzu Chi University', 'สหกิจศึกษา', '', '', '', '', '', '', '', 'ไต้หวัน', 23.99330000, 121.59106000, ''),
(214, '4', '', 0, 'มหาวิทยาลัยมหิดล สถาบันชีววิทยาศาสตร์โมเลกุล ศูนย์วิจัยประสาทวิทยาศาสตร์ วิทยาเขตศาลายา', 'สหกิจศึกษา', '', '', '', '', '', '', '', 'นครปฐม', 13.91700000, 100.07200000, ''),
(215, '4', '', 0, 'โรงพยาบาลนครปฐม', 'สหกิจศึกษา', '', '', '', '', '', '', '', 'นครปฐม', 13.91700000, 100.07200000, ''),
(216, '2', '', 0, 'มหาวิทยาลัยเทคโนโลยีสุรนารี', 'สหกิจศึกษา', '', '', '', '', '', '', '', 'นครราชสีมา', 14.89230000, 102.10300000, ''),
(217, '2', '', 0, 'ศูนย์วิทยาศาสตร์การแพทย์ที่ 9 นครราชสีมา', 'สหกิจศึกษา', '', '', '', '', '', '', '', 'นครราชสีมา', 14.89230000, 102.10300000, ''),
(218, '4', '', 0, 'บริษัท แดรี่ พลัส จำกัด จ.นครสวรรค์', 'สหกิจศึกษา', '', '', '', '', '', '', '', 'นครสวรรค์', 15.69430000, 100.25000000, ''),
(219, '4', '', 0, 'พิสูจน์หลักฐานจังหวัดนครสวรรค์', 'การฝึกงาน', '', '', '', '', '', '', '', 'นครสวรรค์', 15.69430000, 100.25000000, ''),
(220, '4', '', 0, 'โรงพยาบาลสวรรค์ประชารักษ์ กลุ่มงานเทคนิคการแพทย์และพยาธิวิทยาคลินิก จ.นครสวรรค์', 'สหกิจศึกษา', '', '', '', '', '', '', '', 'นครสวรรค์', 15.69430000, 100.25000000, ''),
(221, '4', '', 0, 'โรงพยาบาลสวรรค์ประชารักษ์ (กลุ่มงานพยาธิวิทยากายวิภาค)', 'สหกิจศึกษา', '', '', '', '', '', '', '', 'นครสวรรค์', 15.69430000, 100.25000000, ''),
(222, '4', '', 0, 'ศูนย์วิทยาศาสตร์การแพทย์ที่ 3 นครสวรรค์', 'สหกิจศึกษา', '', '', '', '', '', '', '', 'นครสวรรค์', 15.69430000, 100.25000000, ''),
(223, '4', '', 0, 'สถาบันวิจัยวิทยาศาสตร์สาธารณสุข กรมวิทยาศาสตร์การแพทย์', 'สหกิจศึกษา', '', '', '', '', '', '', '', 'นนทบุรี', 13.89330000, 100.40700000, ''),
(224, '1', '', 0, 'โรงพยาบาลน่าน (งานจุลชีววิทยา)', 'สหกิจศึกษา', '', '', '', '', '', '', '', 'น่าน', 18.82640000, 100.83700000, ''),
(225, '4', '', 0, 'บริษัท เซนทาแล็บ จำกัด (ปทุมธานี)', 'สหกิจศึกษา', '', '', '', '', '', '', '', 'ปทุมธานี', 14.03400000, 100.62500000, ''),
(226, '4', '', 0, 'บริษัท เซน ไบโอเทค จํากัด', 'สหกิจศึกษา', '', '', '', '', '', '', '', 'ปทุมธานี', 14.03400000, 100.62500000, ''),
(227, '4', '', 0, 'มหาวิทยาลัยธรรมศาสตร์ ศูนย์แห่งความเป็นเลิศด้านการวิจัยและนวัตกรรมเซลล์ต้นกำเนิด', 'สหกิจศึกษา', '', '', '', '', '', '', '', 'ปทุมธานี', 14.03400000, 100.62500000, ''),
(228, '4', '', 0, 'ศูนย์นาโนเทคโนโลยีแห่งชาติ สำนักงานพัฒนาวิทยาศาสตร์และเทคโนโลยีแห่งชาติ', 'สหกิจศึกษา', '', '', '', '', '', '', '', 'ปทุมธานี', 14.03400000, 100.62500000, ''),
(229, '4', '', 0, 'ศูนย์พันธุวิศวกรรมและเทคโนโลยีชีวภาพแห่งชาติ (BIOTEC)', 'สหกิจศึกษา', '', '', '', '', '', '', '', 'ปทุมธานี', 14.03400000, 100.62500000, ''),
(230, '4', '', 0, 'ศูนย์พิสูจน์หลักฐาน 1 ปทุมธานี กลุ่มงานตรวจชีววิทยาและดีเอ็นเอ', 'การฝึกงาน', '', '', '', '', '', '', '', 'ปทุมธานี', 14.03400000, 100.62500000, ''),
(231, '4', '', 0, 'สถาบันนิติวิทยาศาสตร์ (ที่ทำการใหม่) - กองสารพันธุกรรม', 'สหกิจศึกษา', '', '', '', 'วพ', '', '', '', 'ปทุมธานี', 14.03400000, 100.62500000, ''),
(232, '4', '', 0, 'สถาบันวิจัยวิทยาศาสตร์และเทคโนโลยี (วว.)', 'สหกิจศึกษา', '', '', '', '', '', '', '', 'ปทุมธานี', 14.03400000, 100.62500000, ''),
(233, '4', '', 0, 'สำนักตรวจสอบคุณภาพสินค้าปศุสัตว์ จ.ปทุมธานี', 'สหกิจศึกษา', '', '', '', '', '', '', '', 'ปทุมธานี', 14.03400000, 100.62500000, ''),
(234, '4', '', 0, 'บริษัท อินเว ประเทศไทย จำกัด จ.พิจิตร', 'สหกิจศึกษา', '', '', '', '', '', '', '', 'พิจิตร', 16.23210000, 100.37400000, ''),
(235, '4', '', 0, 'โรงพยาบาลพิจิตร (กลุ่มงานเทคนิคการแพทย์และพยาธิวิทยาคลินิก ห้องปฏิบัติการด้านจุลชีววิทยา)', 'สหกิจศึกษา', '', '', '', 'วพ (รวมจุล) นางสาวนลินนิภา ขำพรักษ์ นางสาวนลินทิพย', '', '', '', 'พิจิตร', 16.23210000, 100.37400000, ''),
(236, '4', '', 0, 'บริษัท น้ำตาลพิษณุโลก จำกัด จ.พิษณุโลก', 'สหกิจศึกษา', '', '', '', '', '', '', '', 'พิษณุโลก', 16.97480000, 100.49000000, ''),
(237, '4', '', 0, 'ภาคบริการโลหิตที่ 9 สภากาชาดไทย', 'สหกิจศึกษา', '', '', '', '', '', '', '', 'พิษณุโลก', 16.97480000, 100.49000000, ''),
(238, '4', '', 0, 'มหาวิทยาลัยนเรศวร คณะแพทยศาสตร์ ภาควิชานิติเวชศาสตร์', 'สหกิจศึกษา', '', '', '', '', '', '', '', 'พิษณุโลก', 16.97480000, 100.49000000, ''),
(239, '4', '', 0, 'มหาวิทยาลัยนเรศวร คณะแพทยศาสตร์ ภาควิชาพยาธิวิทยา', 'สหกิจศึกษา', '', '', '', '', '', '', '', 'พิษณุโลก', 16.97480000, 100.49000000, ''),
(240, '4', '', 0, 'มหาวิทยาลัยนเรศวร คณะเภสัชศาสตร์ ศูนย์วิจัยเครื่องสำอางและผลิตภัณฑ์ธรรมชาติ', 'สหกิจศึกษา', '', '', '', '', '', '', '', 'พิษณุโลก', 16.97480000, 100.49000000, ''),
(241, '4', '', 0, 'มหาวิทยาลัยนเรศวร คณะวิทยาศาตร์การแพทย์ สถานบริการวิชาการด้านวิทยาศาสตร์การแพทย์', 'สหกิจศึกษา', '', '', '', '', '', '', '', 'พิษณุโลก', 16.97480000, 100.49000000, ''),
(242, '4', '', 0, 'มหาวิทยาลัยนเรศวร คณะวิทยาศาสตร์การแพทย์ ภาควิชาจุลชีววิทยาและปรสิตวิทยา', 'สหกิจศึกษา', '', '', '', '', '', '', '', 'พิษณุโลก', 16.97480000, 100.49000000, ''),
(243, '4', '', 0, 'มหาวิทยาลัยนเรศวร คณะวิทยาศาสตร์การแพทย์ ภาควิชาสรีรวิทยา (ผศ.ดร.วันทณี หาญช้าง)', 'สหกิจศึกษา', '', '', '', '', '', '', '', 'พิษณุโลก', 16.97480000, 100.49000000, ''),
(244, '4', '', 0, 'มหาวิทยาลัยนเรศวร สถานสัตว์ทดลองเพื่อการวิจัย', 'สหกิจศึกษา', '', '', '', '', '', '', '', 'พิษณุโลก', 16.97480000, 100.49000000, ''),
(245, '4', '', 0, 'มหาวิทยาลัยนเรศวร อุทยานวิทยาศาสตร์ ห้องปฏิบัติการวิจัยเครื่องมือการแพทย์', 'สหกิจศึกษา', '', '', '', '', '', '', '', 'พิษณุโลก', 16.97480000, 100.49000000, ''),
(246, '4', '', 0, 'โรงพยาบาลพุทธชินราช', 'สหกิจศึกษา', '', '', '', '', '', '', '', 'พิษณุโลก', 16.97480000, 100.49000000, ''),
(247, '4', '', 0, 'ศูนย์พิสูจน์หลักฐาน 6 พิษณุโลก', 'การฝึกงาน', '', '', '', '', '', '', '', 'พิษณุโลก', 16.97480000, 100.49000000, ''),
(248, '4', '', 0, 'ศูนย์วิจัยและพัฒนาเมล็ดพันธุ์พืชพิษณุโลก', 'สหกิจศึกษา', '', '', '', '', '', '', '', 'พิษณุโลก', 16.97480000, 100.49000000, ''),
(249, '4', '', 0, 'ศูนย์วิทยาศาสตร์การแพทย์ที่ 2 พิษณุโลก', 'สหกิจศึกษา', '', '', '', '', '', '', '', 'พิษณุโลก', 16.97480000, 100.49000000, ''),
(250, '4', '', 0, 'สำนักงานควบคุมป้องกันโรคที่ 2 พิษณุโลก กลุ่มห้องปฏิบัติการทางการแพทย์ด้านควบคุมโรค', 'สหกิจศึกษา', '', '', '', '', '', '', '', 'พิษณุโลก', 16.97480000, 100.49000000, ''),
(251, '4', '', 0, 'บริษัท แปซิฟิค ไบโอเทค จำกัด จ.เพชรบูรณ์', 'สหกิจศึกษา', '', '', '', '', '', '', '', 'เพชรบูรณ์', 16.25890000, 101.21000000, ''),
(252, '4', '', 0, 'พิสูจน์หลักฐานจังหวัดเพชรบูรณ์', 'สหกิจศึกษา', '', '', '', '', '', '', '', 'เพชรบูรณ์', 16.25890000, 101.21000000, ''),
(253, '5', '', 0, 'บมจ.เจริญโภคภัณฑ์อาหาร จ.ระยอง', 'สหกิจศึกษา', '', '', '', '', '', '', '', 'ระยอง', 12.81250000, 101.40200000, ''),
(254, '3', '', 0, 'ศูนย์วิจัยและพัฒนาการสัตวแพทย์ภาคตะวันตก จังหวัดราชบุรี', 'สหกิจศึกษา', '', '', '', '', '', '', '', 'ราชบุรี', 13.49640000, 99.61280000, ''),
(255, '4', '', 0, 'บริษัท สหฟาร์ม จำกัด จังหวัดลพบุรี', 'สหกิจศึกษา', '', '', '', '', '', '', '', 'ลพบุรี', 15.11470000, 100.94400000, ''),
(256, '4', '', 0, 'โรงพยาบาลพระนารายณ์มหาราช จ.ลพบุรี', 'สหกิจศึกษา', '', '', '', '', '', '', '', 'ลพบุรี', 15.11470000, 100.94400000, ''),
(257, '4', '', 0, 'โรงพยาบาลอานันทมหิดล กองพยาธิวิทยา จ.ลพบุรี', 'สหกิจศึกษา', '', '', '', '', '', '', '', 'ลพบุรี', 15.11470000, 100.94400000, ''),
(258, '1', '', 0, 'โรงพยาบาลมะเร็งลำปาง', 'การฝึกงาน', '', '', '', '', '', '', '', 'ลำปาง', 18.62960000, 99.57070000, ''),
(259, '1', '', 0, 'โรงพยาบาลลำปาง', 'สหกิจศึกษา', '', '', '', '', '', '', '', 'ลำปาง', 18.62960000, 99.57070000, ''),
(260, '1', '', 0, 'ศูนย์พิสูจน์หลักฐาน 5 ลำปาง', 'สหกิจศึกษา', '', '', '', '', '', '', '', 'ลำปาง', 18.62960000, 99.57070000, ''),
(261, '6', '', 0, 'มหาวิทยาลัยสงขลานครินทร์ คณะพยาบาลศาสตร์ (รศ.ดร.กันตพร ยอดใชย)', 'สหกิจศึกษา', '', '', '', '', '', '', '', 'สงขลา', 6.81212000, 100.56800000, ''),
(262, '4', '', 0, 'บริษัท เมก้า ไลฟ์ไซแอ็นซ์ จำกัด (มหาชน)', 'สหกิจศึกษา', '', '', '', '', '', '', '', 'สมุทรปราการ', 13.60600000, 100.70400000, ''),
(263, '4', '', 0, 'บริษัท อินเตอร์เนชั่นแนล ฟู้ดส์ เทสติ้ง แลบบอราทอรีส์ จำกัด จ.สมุทรปราการ', 'สหกิจศึกษา', '', '', '', '', '', '', '', 'สมุทรปราการ', 13.60600000, 100.70400000, ''),
(264, '4', '', 0, 'บริษัท โทฟุซัง จำกัด (โรงงานสมุทรสาคร)', 'การฝึกงาน', '', '', '', '', '', '', '', 'สมุทรสาคร', 13.56550000, 100.22500000, ''),
(265, '4', '', 0, 'บริษัท ห้องปฏิบัติการกลาง (ประเทศไทย) จำกัด สมุทรสาคร', 'สหกิจศึกษา', '', '', '', '', '', '', '', 'สมุทรสาคร', 13.56550000, 100.22500000, ''),
(266, '4', '', 0, 'อสค สระบุรี (องค์การส่งเสริมกิจการโคนมเเห่งประเทศไทย สำนักงานใหญ่)', 'สหกิจศึกษา', '', '', '', '', '', '', '', 'สระบุรี', 14.49140000, 100.90900000, ''),
(267, '4', '', 0, 'พิสูจน์หลักฐานจังหวัดสุโขทัย', 'สหกิจศึกษา', '', '', '', '', '', '', '', 'สุโขทัย', 17.24350000, 99.70090000, ''),
(268, '4', '', 0, 'โรงพยาบาลสุโขทัย จ.สุโขทัย', 'สหกิจศึกษา', '', '', '', '', '', '', '', 'สุโขทัย', 17.24350000, 99.70090000, ''),
(269, '1', '', 0, 'พิสูจน์หลักฐานจังหวัดอุตรดิตถ์', 'การฝึกงาน', '', '', '', '', '', '', '', 'อุตรดิตถ์', 17.71880000, 100.53100000, ''),
(270, '1', '', 0, 'โรงพยาบาลอุตรดิตถ์ กลุ่มงานพยาธิวิทยากายวิภาค', 'สหกิจศึกษา', '', '', '', '', '', '', '', 'อุตรดิตถ์', 17.71880000, 100.53100000, ''),
(271, '4', '', 0, 'โรงพยาบาลอุทัยธานี จ.อุทัยธานี', 'สหกิจศึกษา', '', '', '', '', '', '', '', 'อุทัยธานี', 15.27000000, 99.52750000, ''),
(272, '2', '', 0, 'โรงพยาบาลสรรพสิทธิประสงค์', 'สหกิจศึกษา', '', '', '', '', '', '', '', 'อุบลราชธานี', 15.01370000, 105.01600000, '');

--
-- Triggers `detail`
--
DELIMITER $$
CREATE TRIGGER `delete_detail` AFTER DELETE ON `detail` FOR EACH ROW BEGIN
    DELETE FROM recieve_year
    WHERE location_id = OLD.id;
END
$$
DELIMITER ;

-- --------------------------------------------------------

--
-- Table structure for table `establishment`
--

CREATE TABLE `establishment` (
  `id` int(11) NOT NULL,
  `establishment` varchar(50) NOT NULL
) ENGINE=InnoDB DEFAULT CHARSET=utf8 COLLATE=utf8_bin;

--
-- Dumping data for table `establishment`
--

INSERT INTO `establishment` (`id`, `establishment`) VALUES
(1, 'หน่วยวิจัย'),
(2, 'รัฐวิสาหกิจ'),
(3, 'เอกชน'),
(4, 'หน่วยพิสูจน์หลักฐาน'),
(5, 'ศูนย์วิทยาศาสตร์การแพทย์'),
(6, 'สำนักงานป้องกันควบคุมโรค'),
(13, 'โรงพยาบาล');

-- --------------------------------------------------------

--
-- Table structure for table `facuty`
--

CREATE TABLE `facuty` (
  `id` int(11) NOT NULL,
  `facuty` varchar(50) NOT NULL,
  `major_subject` varchar(50) NOT NULL,
  `Eng_name` varchar(50) NOT NULL
) ENGINE=InnoDB DEFAULT CHARSET=utf8 COLLATE=utf8_bin;

--
-- Dumping data for table `facuty`
--

INSERT INTO `facuty` (`id`, `facuty`, `major_subject`, `Eng_name`) VALUES
(1, 'วิทยาศาสตร์การแพทย์', 'พยาธิวิทยากายวิภาค', 'pathology'),
(2, 'วิทยาศาสตร์การแพทย์', 'วิทยาศาสตร์การแพทย์', 'medical_science'),
(3, 'วิทยาศาสตร์การแพทย์', 'จุลชีววิทยา', 'microbiology'),
(4, 'วิทยาศาสตร์การแพทย์', 'ชีวเคมีและชีววิทยา', 'biochemistry'),
(5, 'วิทยาศาสตร์การแพทย์', 'นิติวิทยาศาสตร์', ''),
(6, 'วิทยาศาสตร์การแพทย์', 'วิทยาศาสตร์เทคโนโลยี', '');

-- --------------------------------------------------------

--
-- Table structure for table `internship_placements`
--

CREATE TABLE `internship_placements` (
  `id` int(11) NOT NULL,
  `establishment_name` varchar(255) NOT NULL,
  `medical_science` int(11) DEFAULT NULL,
  `microbiology` int(11) DEFAULT NULL,
  `pathology` int(11) DEFAULT NULL,
  `biochemistry` int(11) DEFAULT NULL,
  `province` varchar(100) NOT NULL,
  `internship_type` varchar(100) NOT NULL,
  `coordinator_info` text DEFAULT NULL
) ENGINE=InnoDB DEFAULT CHARSET=utf8 COLLATE=utf8_bin;

--
-- Dumping data for table `internship_placements`
--

INSERT INTO `internship_placements` (`id`, `establishment_name`, `medical_science`, `microbiology`, `pathology`, `biochemistry`, `province`, `internship_type`, `coordinator_info`) VALUES
(1, 'กองพิสูจน์หลักฐานกลาง อาคาร 14-15 สำนักงานตำรวจแห่งชาติ กลุ่มงานตรวจชีววิทยาและดีเอ็นเอ', 2, NULL, NULL, NULL, 'กรุงเทพฯ', 'สหกิจศึกษา', NULL),
(2, 'การประปานครหลวง ส่วนวิเคราะห์คุณภาพน้ำระบบผลิต ฝ่ายโรงงานผลิตน้ำบางเขน', NULL, 1, NULL, NULL, 'กรุงเทพฯ', 'สหกิจศึกษา', NULL),
(3, 'จุฬาลงกรณ์มหาวิทยาลัย คณะแพทยศาสตร์', 2, 4, 3, NULL, 'กรุงเทพฯ', 'สหกิจศึกษา', NULL),
(4, 'บริษัท กรุงเทพ อาร์ ไอ เอ แล็บ จำกัด (BRIA lab)', 3, 2, NULL, NULL, 'กรุงเทพฯ', 'สหกิจศึกษา', NULL),
(5, 'บริษัท ศูนย์ห้องปฏิบัติการและวิจัยทางการแพทย์ และการเกษตรแห่งเอเซีย จำกัด (AMARC)', NULL, 2, NULL, NULL, 'กรุงเทพฯ', 'สหกิจศึกษา', NULL),
(6, 'บริษัท ห้องปฏิบัติการกลาง (ประเทศไทย) จำกัด สาขากรุงเทพ', NULL, 3, NULL, NULL, 'กรุงเทพฯ', 'สหกิจศึกษา', NULL),
(7, 'บริษัท เอ็น เฮลท์ พยาธิวิทยา จำกัด (ซอยศูนย์วิจัย) N-Health สาขากรุงเทพฯ เขตห้วยขวาง', 4, NULL, 4, NULL, 'กรุงเทพฯ', 'สหกิจศึกษา', NULL),
(8, 'บริษัท ไฮเทค แล็ป จํากัด', NULL, NULL, 2, NULL, 'กรุงเทพฯ', 'สหกิจศึกษา', NULL),
(9, 'มหาวิทยาลัยเกษตรศาสตร์ ศูนย์นวัตกรรมวัคซีนและชีวภัณฑ์', NULL, NULL, NULL, 2, 'กรุงเทพฯ', 'สหกิจศึกษา', NULL),
(10, 'มหาวิทยาลัยเกษตรศาสตร์ สถาบันค้นคว้าและพัฒนาผลิตภัณฑ์อาหาร', NULL, 2, NULL, 3, 'กรุงเทพฯ', 'สหกิจศึกษา', NULL),
(11, 'มหาวิทยาลัยเทคโนโลยีพระจอมเกล้าธนบุรี สถาบันพัฒนาและฝึกอบรมโรงงานต้นแบบ', NULL, 2, NULL, NULL, 'กรุงเทพฯ', 'สหกิจศึกษา', NULL),
(12, 'มหาวิทยาลัยมหิดล คณะทันตแพทยศาสตร์ ภาควิชาชีววิทยาช่องปาก (รศ.ดร.อารี วนสุนทรวงศ์)', 2, NULL, NULL, NULL, 'กรุงเทพฯ', 'สหกิจศึกษา', NULL),
(13, 'มหาวิทยาลัยมหิดล คณะแพทยศาสตร์โรงพยาบาลรามาธิบดี ภาควิชาพยาธิวิทยา', 1, NULL, NULL, NULL, 'กรุงเทพฯ', 'สหกิจศึกษา', NULL),
(14, 'มหาวิทยาลัยมหิดล คณะแพทยศาสตร์ศิริราชพยาบาล', 1, 1, NULL, 6, 'กรุงเทพฯ', 'สหกิจศึกษา', NULL),
(15, 'มหาวิทยาลัยมหิดล คณะวิทยาศาสตร์ ภาควิชาชีววิทยา (ผศ.ดร.ป๋วย อุ่นใจ)', 2, NULL, NULL, NULL, 'กรุงเทพฯ', 'สหกิจศึกษา', NULL),
(16, 'มหาวิทยาลัยมหิดล คณะวิทยาศาสตร์ หน่วยวิจัยเพื่อความเป็นเลิศเทคโนโลยีชีวภาพกุ้ง (Centex shrimp)', 1, NULL, NULL, NULL, 'กรุงเทพฯ', 'สหกิจศึกษา', NULL),
(17, 'มหาวิทยาลัยมหิดล คณะเวชศาสตร์เขตร้อน ภาควิชาอายุรศาสตร์เขตร้อน', NULL, NULL, NULL, 3, 'กรุงเทพฯ', 'สหกิจศึกษา', NULL),
(18, 'โรงพยาบาลภูมิพลอดุลยเดช กรมแพทย์ทหารอากาศ', NULL, NULL, 2, NULL, 'กรุงเทพฯ', 'สหกิจศึกษา', NULL),
(19, 'โรงพยาบาลราชวิถี', NULL, NULL, 3, NULL, 'กรุงเทพฯ', 'สหกิจศึกษา', NULL),
(20, 'สถาบันบัณฑิตศึกษาจุฬาภรณ์ (สถาบันวิจัยจุฬาภรณ์ กลุ่มงานวิจัย)', 1, NULL, NULL, NULL, 'กรุงเทพฯ', 'สหกิจศึกษา', NULL),
(21, 'สถาบันพยาธิวิทยา กรมการแพทย์ กระทรวงสาธารณสุข', 1, NULL, 2, NULL, 'กรุงเทพฯ', 'สหกิจศึกษา', NULL),
(22, 'สถาบันพยาธิวิทยา ศูนย์อำนวยการแพทย์พระมงกุฎเกล้า', NULL, 4, 2, NULL, 'กรุงเทพฯ', 'สหกิจศึกษา', NULL),
(23, 'สถาบันวิจัยจุฬาภรณ์ สำนักวิจัย งานวิจัยด้านชีวการแพทย์ ห้องปฏิบัติการเภสัชวิทยา', 1, NULL, NULL, NULL, 'กรุงเทพฯ', 'สหกิจศึกษา', NULL),
(24, 'สถาบันวิจัยและพัฒนา องค์การเภสัชกรรม', NULL, NULL, NULL, 1, 'กรุงเทพฯ', 'การฝึกงาน', NULL),
(25, 'สถาบันวิจัยวิทยาศาสตร์การแพทย์ทหาร กรุงเทพฯ', 6, 1, NULL, NULL, 'กรุงเทพฯ', 'สหกิจศึกษา', 'วพ (รวมจุล) นางสาวแพรวา ฤทธิ์เต็ม'),
(26, 'สถาบันอาหาร กรุงเทพฯ', NULL, 2, NULL, NULL, 'กรุงเทพฯ', 'สหกิจศึกษา', NULL),
(27, 'บริษัท อายิโน๊ะโมโต๊ะ (ประเทศไทย) จำกัด โรงงานกำแพงเพชร', NULL, 1, NULL, NULL, 'กำแพงเพชร', 'สหกิจศึกษา', NULL),
(28, 'พิสูจน์หลักฐานจังหวัดกำแพงเพชร', NULL, 2, NULL, NULL, 'กำแพงเพชร', 'สหกิจศึกษา', NULL),
(29, 'บริษัท ห้องปฏิบัติการกลาง (ประเทศไทย) จำกัด สาขาขอนแก่น', NULL, 2, NULL, NULL, 'ขอนแก่น', 'สหกิจศึกษา', NULL),
(30, 'มหาวิทยาลัยขอนแก่น คณะแพทยศาสตร์', 3, 4, 5, 1, 'ขอนแก่น', 'สหกิจศึกษา', NULL),
(31, 'ศูนย์พิสูจน์หลักฐาน 4 ขอนแก่น', NULL, 2, NULL, NULL, 'ขอนแก่น', 'สหกิจศึกษา', NULL),
(32, 'ศูนย์วิทยาศาสตร์การแพทย์ที่ 7 ขอนแก่น', NULL, 3, NULL, NULL, 'ขอนแก่น', 'สหกิจศึกษา', NULL),
(33, 'การประปาส่วนภูมิภาคเขต 1 ชลบุรี', NULL, 1, NULL, NULL, 'ชลบุรี', 'สหกิจศึกษา', NULL),
(34, 'บริษัท คอลเกต-ปาล์มโอลีฟ (ประเทศไทย) จํากัด จ.ชลบุรี', NULL, 2, NULL, NULL, 'ชลบุรี', 'สหกิจศึกษา', NULL),
(35, 'บริษัท มี้ด จอห์นสัน นิวทริชัน (ประเทศไทย) จำกัด จ.ชลบุรี', NULL, 2, NULL, NULL, 'ชลบุรี', 'สหกิจศึกษา', NULL),
(36, 'บริษัท เอฟซี ลาบอราทอรี่ จำกัด จ.ชลบุรี', NULL, 2, NULL, NULL, 'ชลบุรี', 'สหกิจศึกษา', NULL),
(37, 'มหาวิทยาลัยบูรพา คณะเภสัชศาสตร์', NULL, NULL, NULL, 2, 'ชลบุรี', 'การฝึกงาน', NULL),
(38, 'โรงพยาบาลชลบุรี', NULL, NULL, 3, NULL, 'ชลบุรี', 'สหกิจศึกษา', NULL),
(39, 'โรงพยาบาลสมเด็จพระนางเจ้าสิริกิติ์ กรมแพทย์ทหารเรือ', NULL, NULL, 1, NULL, 'ชลบุรี', 'สหกิจศึกษา', NULL),
(40, 'ศูนย์พิสูจน์หลักฐาน 2 ชลบุรี กลุ่มงานตรวจสถานที่เกิดเหตุ', 2, NULL, NULL, NULL, 'ชลบุรี', 'สหกิจศึกษา', 'ทำหนังสือฝากชีวเคมี'),
(41, 'ศูนย์วิจัยและพัฒนาการสัตวแพทย์ภาคตะวันออก จังหวัดชลบุรี', NULL, NULL, NULL, 3, 'ชลบุรี', 'สหกิจศึกษา', NULL),
(42, 'ศูนย์วิทยาศาสตร์การแพทย์ที่ 6 ชลบุรี', NULL, 2, NULL, NULL, 'ชลบุรี', 'สหกิจศึกษา', NULL),
(43, 'บริษัท นาอีฟ อินโนว่า จำกัด', NULL, NULL, NULL, 1, 'เชียงราย', 'สหกิจศึกษา', NULL),
(44, 'มหาวิทยาลัยแม่ฟ้าหลวง ศูนย์เครื่องมือวิทยาศาสตร์และเทคโนโลยี', NULL, NULL, NULL, 4, 'เชียงราย', 'การฝึกงาน', NULL),
(45, 'โรงพยาบาลเชียงรายประชานุเคราะห์ (ด้านพยาธิวิทยา)', 2, NULL, 3, NULL, 'เชียงราย', 'สหกิจศึกษา', NULL),
(46, 'ศูนย์วิทยาศาสตร์การแพทย์ที่ 1/1 เชียงราย', 1, NULL, NULL, NULL, 'เชียงราย', 'สหกิจศึกษา', NULL),
(47, 'บริษัท ห้องปฏิบัติการกลาง (ประเทศไทย) จำกัด สาขาเชียงใหม่', NULL, 4, NULL, NULL, 'เชียงใหม่', 'สหกิจศึกษา', NULL),
(48, 'บริษัท อีสท์ เวสท์ ซีด จำกัด (สาขาเชียงใหม่)', NULL, NULL, NULL, 2, 'เชียงใหม่', 'สหกิจศึกษา', NULL),
(49, 'บริษัท เอ็น เฮลท์ พยาธิวิทยา จำกัด (ซอยศูนย์วิจัย) N-Health สาขาเชียงใหม่', 2, NULL, 3, NULL, 'เชียงใหม่', 'สหกิจศึกษา', NULL),
(50, 'พิสูจน์หลักฐานจังหวัดเชียงใหม่', 1, NULL, NULL, NULL, 'เชียงใหม่', 'สหกิจศึกษา', NULL),
(51, 'มหาวิทยาลัยเชียงใหม่ คณะแพทยศาสตร์', 5, 1, NULL, 7, 'เชียงใหม่', 'สหกิจศึกษา', NULL),
(52, 'มหาวิทยาลัยเชียงใหม่ คณะสัตวแพทยศาสตร์ ศูนย์เวชศาสตร์ชันสูตรและนวัตกรรมด้านสุขภาพสัตว์', 2, 1, NULL, 2, 'เชียงใหม่', 'การฝึกงาน', 'วพ (จุลฝาก)'),
(53, 'มหาวิทยาลัยเชียงใหม่ สถาบันวิจัยวิทยาศาสตร์สุขภาพ', NULL, NULL, NULL, 2, 'เชียงใหม่', 'การฝึกงาน', NULL),
(54, 'มหาวิทยาลัยเชียงใหม่ สถาบันวิศวกรรมชีวการแพทย์', 1, NULL, NULL, 2, 'เชียงใหม่', 'สหกิจศึกษา', NULL),
(55, 'มหาวิทยาลัยแม่โจ้ สถาบันบริการตรวจสอบคุณภาพและมาตรฐานผลิตภัณฑ์ (IQS)', NULL, 3, NULL, NULL, 'เชียงใหม่', 'สหกิจศึกษา', NULL),
(56, 'โรงพยาบาลเทพปัญญา', NULL, NULL, 2, NULL, 'เชียงใหม่', 'สหกิจศึกษา', NULL),
(57, 'โรงพยาบาลนครพิงค์ จ.เชียงใหม่', 1, 2, 2, NULL, 'เชียงใหม่', 'สหกิจศึกษา', NULL),
(58, 'ศูนย์วิทยาศาสตร์การแพทย์ที่ 1 เชียงใหม่ กลุ่มคุ้มครองผู้บริโภคด้านสาธารณสุข กลุ่มงานอาหาร', 1, NULL, NULL, NULL, 'เชียงใหม่', 'สหกิจศึกษา', NULL),
(59, 'อสค เชียงใหม่ (องค์การส่งเสริมกิจการโคนมเเห่งประเทศไทย ภาคเหนือตอนบน)', NULL, 2, NULL, NULL, 'เชียงใหม่', 'สหกิจศึกษา', NULL),
(60, 'ศูนย์วิจัยมาลาเรียโซโกล Shoklo Malaria Research Unit (SMRU) จ.ตาก', NULL, 1, NULL, NULL, 'ตาก', 'สหกิจศึกษา', NULL),
(61, 'Tzu Chi University', 1, 1, NULL, NULL, 'ไต้หวัน', 'สหกิจศึกษา', NULL),
(62, 'มหาวิทยาลัยมหิดล สถาบันชีววิทยาศาสตร์โมเลกุล ศูนย์วิจัยประสาทวิทยาศาสตร์ วิทยาเขตศาลายา', NULL, NULL, NULL, 2, 'นครปฐม', 'สหกิจศึกษา', NULL),
(63, 'โรงพยาบาลนครปฐม', NULL, NULL, 4, NULL, 'นครปฐม', 'สหกิจศึกษา', NULL),
(64, 'มหาวิทยาลัยเทคโนโลยีสุรนารี', 1, 2, NULL, 2, 'นครราชสีมา', 'สหกิจศึกษา', NULL),
(65, 'ศูนย์วิทยาศาสตร์การแพทย์ที่ 9 นครราชสีมา', 1, NULL, NULL, NULL, 'นครราชสีมา', 'สหกิจศึกษา', NULL),
(66, 'บริษัท แดรี่ พลัส จำกัด จ.นครสวรรค์', NULL, 1, NULL, NULL, 'นครสวรรค์', 'สหกิจศึกษา', NULL),
(67, 'พิสูจน์หลักฐานจังหวัดนครสวรรค์', NULL, 2, NULL, 2, 'นครสวรรค์', 'การฝึกงาน', NULL),
(68, 'โรงพยาบาลสวรรค์ประชารักษ์ กลุ่มงานเทคนิคการแพทย์และพยาธิวิทยาคลินิก จ.นครสวรรค์', NULL, 1, NULL, NULL, 'นครสวรรค์', 'สหกิจศึกษา', NULL),
(69, 'โรงพยาบาลสวรรค์ประชารักษ์ (กลุ่มงานพยาธิวิทยากายวิภาค)', 3, NULL, 5, NULL, 'นครสวรรค์', 'สหกิจศึกษา', NULL),
(70, 'ศูนย์วิทยาศาสตร์การแพทย์ที่ 3 นครสวรรค์', 1, 1, NULL, NULL, 'นครสวรรค์', 'สหกิจศึกษา', NULL),
(71, 'สถาบันวิจัยวิทยาศาสตร์สาธารณสุข กรมวิทยาศาสตร์การแพทย์', 3, 1, NULL, NULL, 'นนทบุรี', 'สหกิจศึกษา', NULL),
(72, 'โรงพยาบาลน่าน (งานจุลชีววิทยา)', 1, 1, NULL, NULL, 'น่าน', 'สหกิจศึกษา', NULL),
(73, 'บริษัท เซนทาแล็บ จำกัด (ปทุมธานี)', NULL, 2, NULL, NULL, 'ปทุมธานี', 'สหกิจศึกษา', NULL),
(74, 'บริษัท เซน ไบโอเทค จํากัด', NULL, 2, NULL, NULL, 'ปทุมธานี', 'สหกิจศึกษา', NULL),
(75, 'มหาวิทยาลัยธรรมศาสตร์ ศูนย์แห่งความเป็นเลิศด้านการวิจัยและนวัตกรรมเซลล์ต้นกำเนิด', NULL, NULL, NULL, 2, 'ปทุมธานี', 'สหกิจศึกษา', NULL),
(76, 'ศูนย์นาโนเทคโนโลยีแห่งชาติ สำนักงานพัฒนาวิทยาศาสตร์และเทคโนโลยีแห่งชาติ', 2, NULL, NULL, 1, 'ปทุมธานี', 'สหกิจศึกษา', NULL),
(77, 'ศูนย์พันธุวิศวกรรมและเทคโนโลยีชีวภาพแห่งชาติ (BIOTEC)', 2, 3, NULL, NULL, 'ปทุมธานี', 'สหกิจศึกษา', NULL),
(78, 'ศูนย์พิสูจน์หลักฐาน 1 ปทุมธานี กลุ่มงานตรวจชีววิทยาและดีเอ็นเอ', 1, NULL, NULL, 4, 'ปทุมธานี', 'การฝึกงาน', NULL),
(79, 'สถาบันนิติวิทยาศาสตร์ (ที่ทำการใหม่) - กองสารพันธุกรรม', 1, 1, NULL, NULL, 'ปทุมธานี', 'สหกิจศึกษา', 'วพ'),
(80, 'สถาบันวิจัยวิทยาศาสตร์และเทคโนโลยี (วว.)', 4, NULL, NULL, NULL, 'ปทุมธานี', 'สหกิจศึกษา', NULL),
(81, 'สำนักตรวจสอบคุณภาพสินค้าปศุสัตว์ จ.ปทุมธานี', NULL, 2, NULL, NULL, 'ปทุมธานี', 'สหกิจศึกษา', NULL),
(82, 'บริษัท อินเว ประเทศไทย จำกัด จ.พิจิตร', NULL, 2, NULL, NULL, 'พิจิตร', 'สหกิจศึกษา', NULL),
(83, 'โรงพยาบาลพิจิตร (กลุ่มงานเทคนิคการแพทย์และพยาธิวิทยาคลินิก ห้องปฏิบัติการด้านจุลชีววิทยา)', 2, 2, NULL, NULL, 'พิจิตร', 'สหกิจศึกษา', 'วพ (รวมจุล) นางสาวนลินนิภา ขำพรักษ์ นางสาวนลินทิพย์ บุญแนบ 13 ม.ค. 68 เวลา 13.00-14.30 น.'),
(84, 'บริษัท น้ำตาลพิษณุโลก จำกัด จ.พิษณุโลก', NULL, 2, NULL, NULL, 'พิษณุโลก', 'สหกิจศึกษา', NULL),
(85, 'ภาคบริการโลหิตที่ 9 สภากาชาดไทย', 2, NULL, NULL, NULL, 'พิษณุโลก', 'สหกิจศึกษา', NULL),
(86, 'มหาวิทยาลัยนเรศวร คณะแพทยศาสตร์ ภาควิชานิติเวชศาสตร์', 3, NULL, NULL, NULL, 'พิษณุโลก', 'สหกิจศึกษา', NULL),
(87, 'มหาวิทยาลัยนเรศวร คณะแพทยศาสตร์ ภาควิชาพยาธิวิทยา', NULL, NULL, 2, NULL, 'พิษณุโลก', 'สหกิจศึกษา', NULL),
(88, 'มหาวิทยาลัยนเรศวร คณะเภสัชศาสตร์ ศูนย์วิจัยเครื่องสำอางและผลิตภัณฑ์ธรรมชาติ', 1, 1, NULL, 1, 'พิษณุโลก', 'สหกิจศึกษา', NULL),
(89, 'มหาวิทยาลัยนเรศวร คณะวิทยาศาตร์การแพทย์ สถานบริการวิชาการด้านวิทยาศาสตร์การแพทย์', 2, NULL, NULL, NULL, 'พิษณุโลก', 'สหกิจศึกษา', NULL),
(90, 'มหาวิทยาลัยนเรศวร คณะวิทยาศาสตร์การแพทย์ ภาควิชาจุลชีววิทยาและปรสิตวิทยา', 1, 1, NULL, NULL, 'พิษณุโลก', 'สหกิจศึกษา', NULL),
(91, 'มหาวิทยาลัยนเรศวร คณะวิทยาศาสตร์การแพทย์ ภาควิชาสรีรวิทยา (ผศ.ดร.วันทณี หาญช้าง)', 1, NULL, NULL, NULL, 'พิษณุโลก', 'สหกิจศึกษา', NULL),
(92, 'มหาวิทยาลัยนเรศวร สถานสัตว์ทดลองเพื่อการวิจัย', 1, NULL, NULL, NULL, 'พิษณุโลก', 'สหกิจศึกษา', NULL),
(93, 'มหาวิทยาลัยนเรศวร อุทยานวิทยาศาสตร์ ห้องปฏิบัติการวิจัยเครื่องมือการแพทย์', NULL, 1, NULL, NULL, 'พิษณุโลก', 'สหกิจศึกษา', NULL),
(94, 'โรงพยาบาลพุทธชินราช', NULL, NULL, 3, NULL, 'พิษณุโลก', 'สหกิจศึกษา', NULL),
(95, 'ศูนย์พิสูจน์หลักฐาน 6 พิษณุโลก', 2, 2, NULL, 2, 'พิษณุโลก', 'การฝึกงาน', NULL),
(96, 'ศูนย์วิจัยและพัฒนาเมล็ดพันธุ์พืชพิษณุโลก', NULL, NULL, NULL, 2, 'พิษณุโลก', 'สหกิจศึกษา', NULL),
(97, 'ศูนย์วิทยาศาสตร์การแพทย์ที่ 2 พิษณุโลก', 5, 2, NULL, NULL, 'พิษณุโลก', 'สหกิจศึกษา', NULL),
(98, 'สำนักงานควบคุมป้องกันโรคที่ 2 พิษณุโลก กลุ่มห้องปฏิบัติการทางการแพทย์ด้านควบคุมโรค', NULL, 2, NULL, NULL, 'พิษณุโลก', 'สหกิจศึกษา', NULL),
(99, 'บริษัท แปซิฟิค ไบโอเทค จำกัด จ.เพชรบูรณ์', NULL, 1, NULL, NULL, 'เพชรบูรณ์', 'สหกิจศึกษา', NULL),
(100, 'พิสูจน์หลักฐานจังหวัดเพชรบูรณ์', 1, NULL, NULL, NULL, 'เพชรบูรณ์', 'สหกิจศึกษา', NULL),
(101, 'บมจ.เจริญโภคภัณฑ์อาหาร จ.ระยอง', NULL, 2, NULL, NULL, 'ระยอง', 'สหกิจศึกษา', NULL),
(102, 'ศูนย์วิจัยและพัฒนาการสัตวแพทย์ภาคตะวันตก จังหวัดราชบุรี', NULL, NULL, NULL, 2, 'ราชบุรี', 'สหกิจศึกษา', NULL),
(103, 'บริษัท สหฟาร์ม จำกัด จังหวัดลพบุรี', NULL, 4, NULL, NULL, 'ลพบุรี', 'สหกิจศึกษา', NULL),
(104, 'โรงพยาบาลพระนารายณ์มหาราช จ.ลพบุรี', NULL, 1, NULL, NULL, 'ลพบุรี', 'สหกิจศึกษา', NULL),
(105, 'โรงพยาบาลอานันทมหิดล กองพยาธิวิทยา จ.ลพบุรี', NULL, 1, NULL, NULL, 'ลพบุรี', 'สหกิจศึกษา', NULL),
(106, 'โรงพยาบาลมะเร็งลำปาง', NULL, NULL, NULL, 2, 'ลำปาง', 'การฝึกงาน', NULL),
(107, 'โรงพยาบาลลำปาง', NULL, NULL, 4, NULL, 'ลำปาง', 'สหกิจศึกษา', NULL),
(108, 'ศูนย์พิสูจน์หลักฐาน 5 ลำปาง', 1, 1, NULL, 4, 'ลำปาง', 'สหกิจศึกษา', NULL),
(109, 'มหาวิทยาลัยสงขลานครินทร์ คณะพยาบาลศาสตร์ (รศ.ดร.กันตพร ยอดใชย)', 1, NULL, NULL, NULL, 'สงขลา', 'สหกิจศึกษา', NULL),
(110, 'บริษัท เมก้า ไลฟ์ไซแอ็นซ์ จำกัด (มหาชน)', NULL, 1, NULL, NULL, 'สมุทรปราการ', 'สหกิจศึกษา', NULL),
(111, 'บริษัท อินเตอร์เนชั่นแนล ฟู้ดส์ เทสติ้ง แลบบอราทอรีส์ จำกัด จ.สมุทรปราการ', NULL, 2, NULL, NULL, 'สมุทรปราการ', 'สหกิจศึกษา', NULL),
(112, 'บริษัท โทฟุซัง จำกัด (โรงงานสมุทรสาคร)', NULL, NULL, NULL, 1, 'สมุทรสาคร', 'การฝึกงาน', NULL),
(113, 'บริษัท ห้องปฏิบัติการกลาง (ประเทศไทย) จำกัด สมุทรสาคร', NULL, 3, NULL, NULL, 'สมุทรสาคร', 'สหกิจศึกษา', NULL),
(114, 'อสค สระบุรี (องค์การส่งเสริมกิจการโคนมเเห่งประเทศไทย สำนักงานใหญ่)', NULL, 1, NULL, NULL, 'สระบุรี', 'สหกิจศึกษา', NULL),
(115, 'พิสูจน์หลักฐานจังหวัดสุโขทัย', 1, NULL, NULL, NULL, 'สุโขทัย', 'สหกิจศึกษา', NULL),
(116, 'โรงพยาบาลสุโขทัย จ.สุโขทัย', NULL, 2, NULL, NULL, 'สุโขทัย', 'สหกิจศึกษา', NULL),
(117, 'พิสูจน์หลักฐานจังหวัดอุตรดิตถ์', NULL, NULL, NULL, 2, 'อุตรดิตถ์', 'การฝึกงาน', NULL),
(118, 'โรงพยาบาลอุตรดิตถ์ กลุ่มงานพยาธิวิทยากายวิภาค', 1, NULL, 2, NULL, 'อุตรดิตถ์', 'สหกิจศึกษา', NULL),
(119, 'โรงพยาบาลอุทัยธานี จ.อุทัยธานี', NULL, 1, NULL, NULL, 'อุทัยธานี', 'สหกิจศึกษา', NULL),
(120, 'โรงพยาบาลสรรพสิทธิประสงค์', NULL, NULL, 1, NULL, 'อุบลราชธานี', 'สหกิจศึกษา', NULL);

-- --------------------------------------------------------

--
-- Table structure for table `province`
--

CREATE TABLE `province` (
  `id` int(11) NOT NULL,
  `name` varchar(255) DEFAULT NULL,
  `region_id` int(11) DEFAULT NULL,
  `latitude` decimal(11,8) NOT NULL,
  `longitude` decimal(11,8) NOT NULL
) ENGINE=InnoDB DEFAULT CHARSET=utf8 COLLATE=utf8_bin;

--
-- Dumping data for table `province`
--

INSERT INTO `province` (`id`, `name`, `region_id`, `latitude`, `longitude`) VALUES
(1, 'เชียงราย', 1, 19.96070000, 99.90590000),
(2, 'เชียงใหม่', 1, 18.83680000, 98.69670000),
(3, 'น่าน', 1, 18.82640000, 100.83700000),
(4, 'พะเยา', 1, 19.18660000, 100.16000000),
(5, 'แพร่', 1, 18.05770000, 99.92630000),
(6, 'แม่ฮ่องสอน', 1, 18.40430000, 97.89110000),
(7, 'ลำปาง', 1, 18.62960000, 99.57070000),
(8, 'ลำพูน', 1, 18.13330000, 98.99790000),
(9, 'อุตรดิตถ์', 1, 17.71880000, 100.53100000),
(10, 'กาฬสินธุ์', 2, 16.62240000, 103.67900000),
(11, 'ขอนแก่น', 2, 16.57620000, 102.68300000),
(12, 'ชัยภูมิ', 2, 16.01380000, 101.87700000),
(13, 'นครพนม', 2, 17.22270000, 104.62800000),
(14, 'นครราชสีมา', 2, 14.89230000, 102.10300000),
(15, 'บึงกาฬ', 2, 18.15650000, 103.75200000),
(16, 'บุรีรัมย์', 2, 14.69900000, 102.97100000),
(17, 'มหาสารคาม', 2, 15.91510000, 103.18800000),
(18, 'มุกดาหาร', 2, 16.56360000, 104.53100000),
(19, 'ยโสธร', 2, 16.02250000, 104.32400000),
(20, 'ร้อยเอ็ด', 2, 15.96010000, 103.82700000),
(21, 'เลย', 2, 17.40990000, 101.51700000),
(22, 'ศรีสะเกษ', 2, 14.82480000, 104.41800000),
(23, 'สกลนคร', 2, 17.35770000, 103.84500000),
(24, 'สุรินทร์', 2, 14.93550000, 103.58800000),
(25, 'หนองคาย', 2, 17.75530000, 102.75400000),
(26, 'หนองบัวลำภู', 2, 17.23920000, 102.31100000),
(27, 'อำนาจเจริญ', 2, 15.85830000, 104.76600000),
(28, 'อุดรธานี', 2, 17.45110000, 102.88200000),
(29, 'อุบลราชธานี', 2, 15.01370000, 105.01600000),
(30, 'กาญจนบุรี', 3, 14.33170000, 99.29690000),
(31, 'ตาก', 3, 17.00430000, 98.84410000),
(32, 'ประจวบคีรีขันธ์', 3, 12.30530000, 99.72740000),
(33, 'เพชรบุรี', 3, 12.87270000, 99.59640000),
(34, 'ราชบุรี', 3, 13.49640000, 99.61280000),
(35, 'กรุงเทพมหานคร', 4, 13.79300000, 100.62600000),
(36, 'กำแพงเพชร', 4, 16.40090000, 99.50980000),
(37, 'ชัยนาท', 4, 15.10550000, 100.01300000),
(38, 'นครนายก', 4, 14.22490000, 101.21000000),
(39, 'นครปฐม', 4, 13.91700000, 100.07200000),
(40, 'นครสวรรค์', 4, 15.69430000, 100.25000000),
(41, 'นนทบุรี', 4, 13.89330000, 100.40700000),
(42, 'ปทุมธานี', 4, 14.03400000, 100.62500000),
(43, 'พระนครศรีอยุธยา', 4, 14.40200000, 100.52200000),
(44, 'พิจิตร', 4, 16.23210000, 100.37400000),
(45, 'พิษณุโลก', 4, 16.97480000, 100.49000000),
(46, 'เพชรบูรณ์', 4, 16.25890000, 101.21000000),
(47, 'ลพบุรี', 4, 15.11470000, 100.94400000),
(48, 'สมุทรปราการ', 4, 13.60600000, 100.70400000),
(49, 'สมุทรสงคราม', 4, 13.40360000, 99.97360000),
(50, 'สมุทรสาคร', 4, 13.56550000, 100.22500000),
(51, 'สิงห์บุรี', 4, 14.97460000, 100.34300000),
(52, 'สุโขทัย', 4, 17.24350000, 99.70090000),
(53, 'สุพรรณบุรี', 4, 14.42980000, 100.03400000),
(54, 'สระบุรี', 4, 14.49140000, 100.90900000),
(55, 'อ่างทอง', 4, 14.63350000, 100.35700000),
(56, 'อุทัยธานี', 4, 15.27000000, 99.52750000),
(57, 'จันทบุรี', 5, 12.81170000, 102.13900000),
(58, 'ฉะเชิงเทรา', 5, 13.63420000, 101.41900000),
(59, 'ชลบุรี', 5, 13.29880000, 101.27800000),
(60, 'ตราด', 5, 12.39250000, 102.54100000),
(61, 'ปราจีนบุรี', 5, 14.10810000, 101.59400000),
(62, 'ระยอง', 5, 12.81250000, 101.40200000),
(63, 'สระแก้ว', 5, 13.85890000, 102.38400000),
(64, 'กระบี่', 6, 8.13330000, 98.98400000),
(65, 'ชุมพร', 6, 10.38090000, 99.07550000),
(66, 'ตรัง', 6, 7.56967000, 99.64670000),
(67, 'นครศรีธรรมราช', 6, 8.37448000, 99.78190000),
(68, 'นราธิวาส', 6, 6.17758000, 101.72700000),
(69, 'ปัตตานี', 6, 6.73910000, 101.38100000),
(70, 'พังงา', 6, 8.57678000, 98.39400000),
(71, 'พัทลุง', 6, 7.47276000, 100.06200000),
(72, 'ภูเก็ต', 6, 7.97108000, 98.34720000),
(73, 'ยะลา', 6, 6.14264000, 101.21800000),
(74, 'ระนอง', 6, 9.51717000, 98.58000000),
(75, 'สงขลา', 6, 6.81212000, 100.56800000),
(76, 'สตูล', 6, 6.85827000, 99.96330000),
(77, 'สุราษฎร์ธานี', 6, 9.00480000, 99.01070000);

-- --------------------------------------------------------

--
-- Table structure for table `recieve_year`
--

CREATE TABLE `recieve_year` (
  `id` int(11) NOT NULL,
  `location_id` int(11) NOT NULL,
  `year` varchar(10) NOT NULL,
  `received` int(11) NOT NULL,
  `term` varchar(10) NOT NULL,
  `major_subject_id` int(11) NOT NULL
) ENGINE=InnoDB DEFAULT CHARSET=utf8 COLLATE=utf8_bin;

--
-- Dumping data for table `recieve_year`
--

INSERT INTO `recieve_year` (`id`, `location_id`, `year`, `received`, `term`, `major_subject_id`) VALUES
(1131, 153, '2567', 2, '1', 2),
(1132, 155, '2567', 2, '1', 2),
(1133, 156, '2567', 3, '1', 2),
(1134, 159, '2567', 4, '1', 2),
(1135, 164, '2567', 2, '1', 2),
(1136, 165, '2567', 1, '1', 2),
(1137, 166, '2567', 1, '1', 2),
(1138, 167, '2567', 2, '1', 2),
(1139, 168, '2567', 1, '1', 2),
(1140, 172, '2567', 1, '1', 2),
(1141, 173, '2567', 1, '1', 2),
(1142, 175, '2567', 1, '1', 2),
(1143, 177, '2567', 6, '1', 2),
(1144, 182, '2567', 3, '1', 2),
(1145, 192, '2567', 2, '1', 2),
(1146, 197, '2567', 2, '1', 2),
(1147, 198, '2567', 1, '1', 2),
(1148, 201, '2567', 2, '1', 2),
(1149, 202, '2567', 1, '1', 2),
(1150, 203, '2567', 5, '1', 2),
(1151, 204, '2567', 2, '1', 2),
(1152, 206, '2567', 1, '1', 2),
(1153, 209, '2567', 1, '1', 2),
(1154, 210, '2567', 1, '1', 2),
(1155, 213, '2567', 1, '1', 2),
(1156, 216, '2567', 1, '1', 2),
(1157, 217, '2567', 1, '1', 2),
(1158, 221, '2567', 3, '1', 2),
(1159, 222, '2567', 1, '1', 2),
(1160, 223, '2567', 3, '1', 2),
(1161, 224, '2567', 1, '1', 2),
(1162, 228, '2567', 2, '1', 2),
(1163, 229, '2567', 2, '1', 2),
(1164, 230, '2567', 1, '1', 2),
(1165, 231, '2567', 1, '1', 2),
(1166, 232, '2567', 4, '1', 2),
(1167, 235, '2567', 2, '1', 2),
(1168, 237, '2567', 2, '1', 2),
(1169, 238, '2567', 3, '1', 2),
(1170, 240, '2567', 1, '1', 2),
(1171, 241, '2567', 2, '1', 2),
(1172, 242, '2567', 1, '1', 2),
(1173, 243, '2567', 1, '1', 2),
(1174, 244, '2567', 1, '1', 2),
(1175, 247, '2567', 2, '1', 2),
(1176, 249, '2567', 5, '1', 2),
(1177, 252, '2567', 1, '1', 2),
(1178, 260, '2567', 1, '1', 2),
(1179, 261, '2567', 1, '1', 2),
(1180, 267, '2567', 1, '1', 2),
(1181, 270, '2567', 1, '1', 2),
(1194, 154, '2567', 1, '1', 3),
(1195, 155, '2567', 4, '1', 3),
(1196, 156, '2567', 2, '1', 3),
(1197, 157, '2567', 2, '1', 3),
(1198, 158, '2567', 3, '1', 3),
(1199, 162, '2567', 2, '1', 3),
(1200, 163, '2567', 2, '1', 3),
(1201, 166, '2567', 1, '1', 3),
(1202, 174, '2567', 4, '1', 3),
(1203, 177, '2567', 1, '1', 3),
(1204, 178, '2567', 2, '1', 3),
(1205, 179, '2567', 1, '1', 3),
(1206, 180, '2567', 2, '1', 3),
(1207, 181, '2567', 2, '1', 3),
(1208, 182, '2567', 4, '1', 3),
(1209, 183, '2567', 2, '1', 3),
(1210, 184, '2567', 3, '1', 3),
(1211, 185, '2567', 1, '1', 3),
(1212, 186, '2567', 2, '1', 3),
(1213, 187, '2567', 2, '1', 3),
(1214, 188, '2567', 2, '1', 3),
(1215, 194, '2567', 2, '1', 3),
(1216, 199, '2567', 4, '1', 3),
(1217, 203, '2567', 1, '1', 3),
(1218, 204, '2567', 1, '1', 3),
(1219, 207, '2567', 3, '1', 3),
(1220, 209, '2567', 2, '1', 3),
(1221, 211, '2567', 2, '1', 3),
(1222, 212, '2567', 1, '1', 3),
(1223, 213, '2567', 1, '1', 3),
(1224, 216, '2567', 2, '1', 3),
(1225, 218, '2567', 1, '1', 3),
(1226, 219, '2567', 2, '1', 3),
(1227, 220, '2567', 1, '1', 3),
(1228, 222, '2567', 1, '1', 3),
(1229, 223, '2567', 1, '1', 3),
(1230, 224, '2567', 1, '1', 3),
(1231, 225, '2567', 2, '1', 3),
(1232, 226, '2567', 2, '1', 3),
(1233, 229, '2567', 3, '1', 3),
(1234, 231, '2567', 1, '1', 3),
(1235, 233, '2567', 2, '1', 3),
(1236, 234, '2567', 2, '1', 3),
(1237, 235, '2567', 2, '1', 3),
(1238, 236, '2567', 2, '1', 3),
(1239, 240, '2567', 1, '1', 3),
(1240, 242, '2567', 1, '1', 3),
(1241, 245, '2567', 1, '1', 3),
(1242, 247, '2567', 2, '1', 3),
(1243, 249, '2567', 2, '1', 3),
(1244, 250, '2567', 2, '1', 3),
(1245, 251, '2567', 1, '1', 3),
(1246, 253, '2567', 2, '1', 3),
(1247, 255, '2567', 4, '1', 3),
(1248, 256, '2567', 1, '1', 3),
(1249, 257, '2567', 1, '1', 3),
(1250, 260, '2567', 1, '1', 3),
(1251, 262, '2567', 1, '1', 3),
(1252, 263, '2567', 2, '1', 3),
(1253, 265, '2567', 3, '1', 3),
(1254, 266, '2567', 1, '1', 3),
(1255, 268, '2567', 2, '1', 3),
(1256, 271, '2567', 1, '1', 3),
(1257, 155, '2567', 3, '1', 1),
(1258, 159, '2567', 4, '1', 1),
(1259, 160, '2567', 2, '1', 1),
(1260, 170, '2567', 2, '1', 1),
(1261, 171, '2567', 3, '1', 1),
(1262, 173, '2567', 2, '1', 1),
(1263, 174, '2567', 2, '1', 1),
(1264, 182, '2567', 5, '1', 1),
(1265, 190, '2567', 3, '1', 1),
(1266, 191, '2567', 1, '1', 1),
(1267, 197, '2567', 3, '1', 1),
(1268, 201, '2567', 3, '1', 1),
(1269, 208, '2567', 2, '1', 1),
(1270, 209, '2567', 2, '1', 1),
(1271, 215, '2567', 4, '1', 1),
(1272, 221, '2567', 5, '1', 1),
(1273, 239, '2567', 2, '1', 1),
(1274, 246, '2567', 3, '1', 1),
(1275, 259, '2567', 4, '1', 1),
(1276, 270, '2567', 2, '1', 1),
(1277, 272, '2567', 1, '1', 1),
(1288, 161, '2567', 2, '1', 4),
(1289, 162, '2567', 3, '1', 4),
(1290, 166, '2567', 6, '1', 4),
(1291, 169, '2567', 3, '1', 4),
(1292, 176, '2567', 1, '1', 4),
(1293, 182, '2567', 1, '1', 4),
(1294, 189, '2567', 2, '1', 4),
(1295, 193, '2567', 3, '1', 4),
(1296, 195, '2567', 1, '1', 4),
(1297, 196, '2567', 4, '1', 4),
(1298, 200, '2567', 2, '1', 4),
(1299, 203, '2567', 7, '1', 4),
(1300, 204, '2567', 2, '1', 4),
(1301, 205, '2567', 2, '1', 4),
(1302, 206, '2567', 2, '1', 4),
(1303, 214, '2567', 2, '1', 4),
(1304, 216, '2567', 2, '1', 4),
(1305, 219, '2567', 2, '1', 4),
(1306, 227, '2567', 2, '1', 4),
(1307, 228, '2567', 1, '1', 4),
(1308, 230, '2567', 4, '1', 4),
(1309, 240, '2567', 1, '1', 4),
(1310, 247, '2567', 2, '1', 4),
(1311, 248, '2567', 2, '1', 4),
(1312, 254, '2567', 2, '1', 4),
(1313, 258, '2567', 2, '1', 4),
(1314, 260, '2567', 4, '1', 4),
(1315, 264, '2567', 1, '1', 4),
(1316, 269, '2567', 2, '1', 4);

-- --------------------------------------------------------

--
-- Table structure for table `region`
--

CREATE TABLE `region` (
  `id` int(11) NOT NULL,
  `name` varchar(255) DEFAULT NULL
) ENGINE=InnoDB DEFAULT CHARSET=utf8 COLLATE=utf8_bin;

--
-- Dumping data for table `region`
--

INSERT INTO `region` (`id`, `name`) VALUES
(1, 'ภาคเหนือ'),
(2, 'ภาคตะวันออกเฉียงเหนือ'),
(3, 'ภาคตะวันตก'),
(4, 'ภาคกลาง'),
(5, 'ภาคตะวันออก'),
(6, 'ภาคใต้'),
(7, 'กรุงเทพ ปริมณฑล'),
(8, 'ม.นเรศวร'),
(9, 'พิษณุโลก');

-- --------------------------------------------------------

--
-- Table structure for table `users`
--

CREATE TABLE `users` (
  `id` int(11) NOT NULL,
  `name` varchar(50) NOT NULL,
  `email` varchar(50) NOT NULL,
  `password` varchar(255) NOT NULL,
  `role_` varchar(10) NOT NULL
) ENGINE=InnoDB DEFAULT CHARSET=latin1 COLLATE=latin1_swedish_ci;

--
-- Dumping data for table `users`
--

INSERT INTO `users` (`id`, `name`, `email`, `password`, `role_`) VALUES
(9, 'admin9', '0@0', '$2y$10$2hV0V8Fbr8w0AEqFUPIoUuwGO4pwrqObFcJWc20P/vElK17Nhexcy', 'admin'),
(10, 'my@l', 'my@l', '$2y$10$dEf.V2XTXdE./DKyQ4mZ9OidFT2A/Uf3S1clJuxbE2HCpe1M2szxu', '');

--
-- Indexes for dumped tables
--

--
-- Indexes for table `detail`
--
ALTER TABLE `detail`
  ADD PRIMARY KEY (`id`);

--
-- Indexes for table `establishment`
--
ALTER TABLE `establishment`
  ADD PRIMARY KEY (`id`);

--
-- Indexes for table `facuty`
--
ALTER TABLE `facuty`
  ADD PRIMARY KEY (`id`);

--
-- Indexes for table `internship_placements`
--
ALTER TABLE `internship_placements`
  ADD PRIMARY KEY (`id`);

--
-- Indexes for table `province`
--
ALTER TABLE `province`
  ADD PRIMARY KEY (`id`),
  ADD KEY `region_id` (`region_id`);

--
-- Indexes for table `recieve_year`
--
ALTER TABLE `recieve_year`
  ADD PRIMARY KEY (`id`);

--
-- Indexes for table `region`
--
ALTER TABLE `region`
  ADD PRIMARY KEY (`id`);

--
-- Indexes for table `users`
--
ALTER TABLE `users`
  ADD PRIMARY KEY (`id`);

--
-- AUTO_INCREMENT for dumped tables
--

--
-- AUTO_INCREMENT for table `detail`
--
ALTER TABLE `detail`
  MODIFY `id` int(11) NOT NULL AUTO_INCREMENT, AUTO_INCREMENT=273;

--
-- AUTO_INCREMENT for table `establishment`
--
ALTER TABLE `establishment`
  MODIFY `id` int(11) NOT NULL AUTO_INCREMENT, AUTO_INCREMENT=14;

--
-- AUTO_INCREMENT for table `facuty`
--
ALTER TABLE `facuty`
  MODIFY `id` int(11) NOT NULL AUTO_INCREMENT, AUTO_INCREMENT=15;

--
-- AUTO_INCREMENT for table `internship_placements`
--
ALTER TABLE `internship_placements`
  MODIFY `id` int(11) NOT NULL AUTO_INCREMENT, AUTO_INCREMENT=121;

--
-- AUTO_INCREMENT for table `recieve_year`
--
ALTER TABLE `recieve_year`
  MODIFY `id` int(11) NOT NULL AUTO_INCREMENT, AUTO_INCREMENT=1317;

--
-- AUTO_INCREMENT for table `users`
--
ALTER TABLE `users`
  MODIFY `id` int(11) NOT NULL AUTO_INCREMENT, AUTO_INCREMENT=11;
COMMIT;

/*!40101 SET CHARACTER_SET_CLIENT=@OLD_CHARACTER_SET_CLIENT */;
/*!40101 SET CHARACTER_SET_RESULTS=@OLD_CHARACTER_SET_RESULTS */;
/*!40101 SET COLLATION_CONNECTION=@OLD_COLLATION_CONNECTION */;
