# Host: 10.10.99.67  (Version 5.7.14-log)
# Date: 2025-05-21 13:45:53
# Generator: MySQL-Front 6.0  (Build 2.20)


#
# Structure for table "detail"
#

DROP TABLE IF EXISTS `detail`;
CREATE TABLE `detail` (
  `id` int(11) NOT NULL AUTO_INCREMENT,
  `region_id` varchar(10) COLLATE utf8_bin DEFAULT NULL,
  `facuty_id` varchar(10) COLLATE utf8_bin DEFAULT NULL,
  `establishment_id` int(11) DEFAULT NULL,
  `location` varchar(255) COLLATE utf8_bin NOT NULL,
  `internship_type` varchar(50) COLLATE utf8_bin DEFAULT NULL,
  `department` varchar(50) COLLATE utf8_bin DEFAULT NULL,
  `address` varchar(255) COLLATE utf8_bin DEFAULT NULL,
  `sendto` varchar(50) COLLATE utf8_bin DEFAULT NULL,
  `coordinator` varchar(50) COLLATE utf8_bin DEFAULT NULL,
  `Scope_work` text COLLATE utf8_bin,
  `receive_term1` varchar(50) COLLATE utf8_bin DEFAULT NULL,
  `receive_term2` varchar(50) COLLATE utf8_bin DEFAULT NULL,
  `province` varchar(50) COLLATE utf8_bin DEFAULT NULL,
  `latitude` decimal(11,8) NOT NULL,
  `longtitude` decimal(11,8) NOT NULL,
  `picture_path` varchar(50) COLLATE utf8_bin DEFAULT NULL,
  PRIMARY KEY (`id`)
) ENGINE=InnoDB AUTO_INCREMENT=322 DEFAULT CHARSET=utf8 COLLATE=utf8_bin;

#
# Data for table "detail"
#

INSERT INTO `detail` VALUES (153,'4','2',4,'กองพิสูจน์หลักฐานกลาง อาคาร 14-15 สำนักงานตำรวจแห่งชาติ กลุ่มงานตรวจชีววิทยาและดีเอ็นเอ','สหกิจศึกษา','','','','','','','','กรุงเทพมหานคร',13.71788300,100.54017600,''),(154,'4','3',2,'การประปานครหลวง ส่วนวิเคราะห์คุณภาพน้ำระบบผลิต ฝ่ายโรงงานผลิตน้ำบางเขน','สหกิจศึกษา','','','','','','','','กรุงเทพมหานคร',13.87644810,100.59460491,''),(155,'4','2',1,'จุฬาลงกรณ์มหาวิทยาลัย คณะแพทยศาสตร์','สหกิจศึกษา','','','','','','','','กรุงเทพมหานคร',13.73019882,100.53620300,''),(156,'4','2',3,'บริษัท กรุงเทพ อาร์ ไอ เอ แล็บ จำกัด (BRIA lab)','สหกิจศึกษา','','','','','','','','กรุงเทพมหานคร',13.77510277,100.61775104,''),(157,'4','3',3,'บริษัท ศูนย์ห้องปฏิบัติการและวิจัยทางการแพทย์ และการเกษตรแห่งเอเซีย จำกัด (AMARC)','สหกิจศึกษา','','','','','','','','กรุงเทพมหานคร',13.76817522,100.62326607,''),(158,'4','3',3,'บริษัท ห้องปฏิบัติการกลาง (ประเทศไทย) จำกัด สาขากรุงเทพ','สหกิจศึกษา','','','','','','','','กรุงเทพมหานคร',13.85296656,100.57299648,''),(159,'4','2',3,'บริษัท เอ็น เฮลท์ พยาธิวิทยา จำกัด (ซอยศูนย์วิจัย) N-Health สาขากรุงเทพฯ เขตห้วยขวาง','สหกิจศึกษา','','','','','','','','กรุงเทพมหานคร',13.74585547,100.58501068,''),(160,'4','1',3,'บริษัท ไฮเทค แล็ป จํากัด','สหกิจศึกษา','','','','','','','','กรุงเทพมหานคร',13.81686739,100.56881990,''),(161,'4','4',1,'มหาวิทยาลัยเกษตรศาสตร์ ศูนย์นวัตกรรมวัคซีนและชีวภัณฑ์','สหกิจศึกษา','','','','','','','','กรุงเทพมหานคร',13.84593580,100.56995550,''),(162,'4','3',1,'มหาวิทยาลัยเกษตรศาสตร์ สถาบันค้นคว้าและพัฒนาผลิตภัณฑ์อาหาร','สหกิจศึกษา','','','','','','','','กรุงเทพมหานคร',13.85379797,100.57061544,''),(163,'4','3',1,'มหาวิทยาลัยเทคโนโลยีพระจอมเกล้าธนบุรี สถาบันพัฒนาและฝึกอบรมโรงงานต้นแบบ','สหกิจศึกษา','','','','','','','','กรุงเทพมหานคร',13.57756245,100.44146565,''),(164,'4','2',1,'มหาวิทยาลัยมหิดล คณะทันตแพทยศาสตร์ ภาควิชาชีววิทยาช่องปาก (รศ.ดร.อารี วนสุนทรวงศ์)','สหกิจศึกษา','','','','','','','','กรุงเทพมหานคร',13.76427647,100.53309996,''),(165,'4','2',1,'มหาวิทยาลัยมหิดล คณะแพทยศาสตร์โรงพยาบาลรามาธิบดี ภาควิชาพยาธิวิทยา','สหกิจศึกษา','','','','','','','','กรุงเทพมหานคร',13.76627304,100.52677997,''),(166,'4','2',1,'มหาวิทยาลัยมหิดล คณะแพทยศาสตร์ศิริราชพยาบาล','สหกิจศึกษา','','','','','','','','กรุงเทพมหานคร',13.76027538,100.48585052,''),(167,'4','2',1,'มหาวิทยาลัยมหิดล คณะวิทยาศาสตร์ ภาควิชาชีววิทยา (ผศ.ดร.ป๋วย อุ่นใจ)','สหกิจศึกษา','','','','','','','','กรุงเทพมหานคร',13.76451630,100.52485841,''),(168,'4','2',1,'มหาวิทยาลัยมหิดล คณะวิทยาศาสตร์ หน่วยวิจัยเพื่อความเป็นเลิศเทคโนโลยีชีวภาพกุ้ง (Centex shrimp)','สหกิจศึกษา','','','','','','','','กรุงเทพมหานคร',13.76502727,100.52545542,''),(169,'4','4',1,'มหาวิทยาลัยมหิดล คณะเวชศาสตร์เขตร้อน ภาควิชาอายุรศาสตร์เขตร้อน','สหกิจศึกษา','','','','','','','','กรุงเทพมหานคร',13.76584792,100.53445808,''),(170,'4','1',13,'โรงพยาบาลภูมิพลอดุลยเดช กรมแพทย์ทหารอากาศ','สหกิจศึกษา','','','','','','','','กรุงเทพมหานคร',13.90952216,100.61790722,''),(171,'4','1',13,'โรงพยาบาลราชวิถี','สหกิจศึกษา','','','','','','','','กรุงเทพมหานคร',13.76450038,100.53680632,''),(172,'4','2',1,'สถาบันบัณฑิตศึกษาจุฬาภรณ์ (สถาบันวิจัยจุฬาภรณ์ กลุ่มงานวิจัย)','สหกิจศึกษา','','','','','','','','กรุงเทพมหานคร',13.79300000,100.62600000,''),(173,'4','2',1,'สถาบันพยาธิวิทยา กรมการแพทย์ กระทรวงสาธารณสุข','สหกิจศึกษา','','2/2 ถนนพญาไท แขวงทุ่งพญาไท เขตราชเทวี กรุงเทพฯ 10400','','','','','','กรุงเทพมหานคร',13.76452773,100.53524494,''),(174,'4','3',13,'สถาบันพยาธิวิทยา ศูนย์อำนวยการแพทย์พระมงกุฎเกล้า','สหกิจศึกษา','','2/2 พญาไท แขวงทุ่งพญาไท เขตราชเทวี กรุงเทพมหานคร 10400','','','','','','กรุงเทพมหานคร',13.76658191,100.53547695,''),(175,'4','2',1,'สถาบันวิจัยจุฬาภรณ์ สำนักวิจัย งานวิจัยด้านชีวการแพทย์ ห้องปฏิบัติการเภสัชวิทยา','สหกิจศึกษา','','ถนนกำแพงเพชร 6 (ถนนเลียบทางรถไฟ) แขวงตลาดบางเขน เขตหลักสี่ กรุงเทพมหานคร 10210','','','','','','กรุงเทพมหานคร',13.87732479,100.57663168,''),(176,'4','4',1,'สถาบันวิจัยและพัฒนา องค์การเภสัชกรรม','การฝึกงาน','','แขวงทุ่งพญาไท เขตราชเทวี กรุงเทพมหานคร 10400','','','','','','กรุงเทพมหานคร',13.76638530,100.52901034,''),(177,'4','2',1,'สถาบันวิจัยวิทยาศาสตร์การแพทย์ทหาร กรุงเทพฯ','สหกิจศึกษา','','ถนนโยธี แขวงทุ่งพญาไท เขตราชเทวี กรุงเทพมหานคร 10400','','วพ (รวมจุล) นางสาวแพรวา ฤทธิ์เต็ม','','','','กรุงเทพมหานคร',13.76274232,100.53345224,''),(178,'4','3',1,'สถาบันอาหาร กรุงเทพฯ','สหกิจศึกษา','','2008 ซอยอรุณอมรินทร์ 36 แขวงบางยี่ขัน เขตบางพลัด กรุงเทพมหานคร 10700','','','','','','กรุงเทพมหานคร',13.76821404,100.49353123,''),(179,'4','3',3,'บริษัท อายิโน๊ะโมโต๊ะ (ประเทศไทย) จำกัด โรงงานกำแพงเพชร','สหกิจศึกษา','','','','','','','','กำแพงเพชร',16.34311997,99.67703091,''),(180,'4','3',4,'พิสูจน์หลักฐานจังหวัดกำแพงเพชร','สหกิจศึกษา','','','','','','','','กำแพงเพชร',16.48529980,99.52088867,''),(181,'2','3',1,'บริษัท ห้องปฏิบัติการกลาง (ประเทศไทย) จำกัด สาขาขอนแก่น','สหกิจศึกษา','','ต.ในเมือง อ.เมืองขอนแก่น จ.ขอนแก่น 40000','','','','','','ขอนแก่น',16.46961102,102.83113405,''),(183,'2','3',4,'ศูนย์พิสูจน์หลักฐาน 4 ขอนแก่น','สหกิจศึกษา','','','','','','','','ขอนแก่น',16.45260024,102.82143992,''),(184,'2','3',5,'ศูนย์วิทยาศาสตร์การแพทย์ที่ 7 ขอนแก่น','สหกิจศึกษา','','','','','','','','ขอนแก่น',16.46213810,102.80174475,''),(185,'5','3',2,'การประปาส่วนภูมิภาคเขต 1 ชลบุรี','สหกิจศึกษา','',' Ban Suan, Chon Buri District, Chon Buri','','','','','','ชลบุรี',13.35101089,100.97928877,''),(186,'5','3',3,'บริษัท คอลเกต-ปาล์มโอลีฟ (ประเทศไทย) จํากัด จ.ชลบุรี','สหกิจศึกษา','','Don Hua Lo, Chon Buri District, Chon Buri','','','','','','ชลบุรี',13.42566484,101.03002681,''),(187,'5','3',3,'บริษัท มี้ด จอห์นสัน นิวทริชัน (ประเทศไทย) จำกัด จ.ชลบุรี','สหกิจศึกษา','','Don Hua Lo, Chon Buri District, Chon Buri','','','','','','ชลบุรี',13.43568398,101.04070904,''),(188,'5','3',3,'บริษัท เอฟซี ลาบอราทอรี่ จำกัด จ.ชลบุรี','สหกิจศึกษา','','Ban Kao, Phan Thong District, Chon Buri','','','','','','ชลบุรี',13.45391935,101.07822282,''),(189,'5','4',1,'มหาวิทยาลัยบูรพา คณะเภสัชศาสตร์','การฝึกงาน','','','','','','','','ชลบุรี',13.29880000,101.27800000,''),(190,'5','1',13,'โรงพยาบาลชลบุรี','สหกิจศึกษา','',' Ban Suan, Chon Buri District, Chon Buri','','','','','','ชลบุรี',13.35224716,100.98268828,''),(191,'5','1',13,'โรงพยาบาลสมเด็จพระนางเจ้าสิริกิติ์ กรมแพทย์ทหารเรือ','สหกิจศึกษา','','','','','','','','ชลบุรี',13.29880000,101.27800000,''),(192,'5','2',4,'ศูนย์พิสูจน์หลักฐาน 2 ชลบุรี กลุ่มงานตรวจสถานที่เกิดเหตุ','สหกิจศึกษา','','Rong Payaban Kao Rd, Bang Pla Soi, Chon Buri District, Chon Buri 20000','','ทำหนังสือฝากชีวเคมี','','','','ชลบุรี',13.35964927,100.98244192,''),(193,'5','4',1,'ศูนย์วิจัยและพัฒนาการสัตวแพทย์ภาคตะวันออก จังหวัดชลบุรี','สหกิจศึกษา','','','','','','','','ชลบุรี',13.29880000,101.27800000,''),(194,'5','3',5,'ศูนย์วิทยาศาสตร์การแพทย์ที่ 6 ชลบุรี','สหกิจศึกษา','','Samet, Chon Buri District, Chon Buri','','','','','','ชลบุรี',13.32869934,100.95059771,''),(195,'1','4',3,'บริษัท นาอีฟ อินโนว่า จำกัด','สหกิจศึกษา','','','','','','','','เชียงราย',19.96070000,99.90590000,''),(196,'1','4',1,'มหาวิทยาลัยแม่ฟ้าหลวง ศูนย์เครื่องมือวิทยาศาสตร์และเทคโนโลยี','การฝึกงาน','','ถนนสันคอกช้าง ต.เวียง อ.เมืองเชียงราย จ.เชียงราย 57000','','','','','','เชียงราย',19.90162468,99.82958984,''),(197,'1','2',13,'โรงพยาบาลเชียงรายประชานุเคราะห์ (ด้านพยาธิวิทยา)','สหกิจศึกษา','','โรงพยาบาลเชียงรายประชานุเคราะห์ (ด้านพยาธิวิทยา)','','','','','','เชียงราย',19.90146548,99.82948582,''),(198,'1','2',5,'ศูนย์วิทยาศาสตร์การแพทย์ที่ 1/1 เชียงราย','สหกิจศึกษา','','ศูนย์วิทยาศาสตร์การแพทย์ที่ 1/1 เชียงราย','','','','','','เชียงราย',19.99621654,99.86597296,''),(199,'1','3',3,'บริษัท ห้องปฏิบัติการกลาง (ประเทศไทย) จำกัด สาขาเชียงใหม่','สหกิจศึกษา','',' Don Kaeo, Mae Rim District, Chiang Mai','','','','','','เชียงใหม่',18.85932919,98.96065986,''),(200,'1','4',3,'บริษัท อีสท์ เวสท์ ซีด จำกัด (สาขาเชียงใหม่)','สหกิจศึกษา','',' Mae Faek Mai, San Sai District, Chiang Mai','','','','','','เชียงใหม่',18.97642987,98.97022832,''),(201,'1','2',3,'บริษัท เอ็น เฮลท์ พยาธิวิทยา จำกัด (ซอยศูนย์วิจัย) N-Health สาขาเชียงใหม่','สหกิจศึกษา','','บริษัท เอ็น เฮลท์ พยาธิวิทยา จำกัด (ซอยศูนย์วิจัย) N-Health สาขาเชียงใหม่','','','','','','เชียงใหม่',18.79714214,99.02399518,''),(202,'1','2',4,'พิสูจน์หลักฐานจังหวัดเชียงใหม่','สหกิจศึกษา','','ศูนย์พิสูจน์หลักฐาน เชียงใหม่','','','','','','เชียงใหม่',18.83031894,98.97868429,''),(203,'1','2',1,'มหาวิทยาลัยเชียงใหม่ คณะแพทยศาสตร์','สหกิจศึกษา','','','','','','','','เชียงใหม่',18.83680000,98.69670000,''),(204,'1','2',1,'มหาวิทยาลัยเชียงใหม่ คณะสัตวแพทยศาสตร์ ศูนย์เวชศาสตร์ชันสูตรและนวัตกรรมด้านสุขภาพสัตว์','การฝึกงาน','','','','วพ (จุลฝาก)','','','','เชียงใหม่',18.83680000,98.69670000,''),(205,'1','4',1,'มหาวิทยาลัยเชียงใหม่ สถาบันวิจัยวิทยาศาสตร์สุขภาพ','การฝึกงาน','','','','','','','','เชียงใหม่',18.83680000,98.69670000,''),(206,'1','2',1,'มหาวิทยาลัยเชียงใหม่ สถาบันวิศวกรรมชีวการแพทย์','สหกิจศึกษา','','','','','','','','เชียงใหม่',18.83680000,98.69670000,''),(207,'1','3',1,'มหาวิทยาลัยแม่โจ้ สถาบันบริการตรวจสอบคุณภาพและมาตรฐานผลิตภัณฑ์ (IQS)','สหกิจศึกษา','','','','','','','','เชียงใหม่',18.83680000,98.69670000,''),(208,'1','1',13,'โรงพยาบาลเทพปัญญา','สหกิจศึกษา','','','','','','','','เชียงใหม่',18.83680000,98.69670000,''),(209,'1','2',13,'โรงพยาบาลนครพิงค์ จ.เชียงใหม่','สหกิจศึกษา','','','','','','','','เชียงใหม่',18.83680000,98.69670000,''),(210,'1','2',5,'ศูนย์วิทยาศาสตร์การแพทย์ที่ 1 เชียงใหม่ กลุ่มคุ้มครองผู้บริโภคด้านสาธารณสุข กลุ่มงานอาหาร','สหกิจศึกษา','','','','','','','','เชียงใหม่',18.83680000,98.69670000,''),(211,'1','3',2,'อสค เชียงใหม่ (องค์การส่งเสริมกิจการโคนมเเห่งประเทศไทย ภาคเหนือตอนบน)','สหกิจศึกษา','','','','','','','','เชียงใหม่',18.83680000,98.69670000,''),(212,'3','3',1,'ศูนย์วิจัยมาลาเรียโซโกล Shoklo Malaria Research Unit (SMRU) จ.ตาก','สหกิจศึกษา','','','','','','','','ตาก',17.00430000,98.84410000,''),(213,'','2',1,'Tzu Chi University','สหกิจศึกษา','','','','','','','','ไต้หวัน',23.99330000,121.59106000,''),(214,'4','4',1,'มหาวิทยาลัยมหิดล สถาบันชีววิทยาศาสตร์โมเลกุล ศูนย์วิจัยประสาทวิทยาศาสตร์ วิทยาเขตศาลายา','สหกิจศึกษา','','','','','','','','นครปฐม',13.79717521,100.32659960,''),(215,'4','1',13,'โรงพยาบาลนครปฐม','สหกิจศึกษา','','','','','','','','นครปฐม',13.81932550,100.07560019,''),(216,'2','2',13,'มหาวิทยาลัยเทคโนโลยีสุรนารี','สหกิจศึกษา','','Suranari, Mueang Nakhon Ratchasima District, Nakhon Ratchasima\r\n ','','','','','','นครราชสีมา',14.88202034,102.02067474,''),(217,'2','2',5,'ศูนย์วิทยาศาสตร์การแพทย์ที่ 9 นครราชสีมา','สหกิจศึกษา','',' Nong Bua Sala, Mueang Nakhon Ratchasima District, Nakhon Ratchasima 30000','','','','','','นครราชสีมา',14.91204943,102.15054755,''),(218,'4','3',3,'บริษัท แดรี่ พลัส จำกัด จ.นครสวรรค์','สหกิจศึกษา','','','','','','','','นครสวรรค์',15.40605385,100.14473780,''),(219,'4','3',4,'พิสูจน์หลักฐานจังหวัดนครสวรรค์','การฝึกงาน','','','','','','','','นครสวรรค์',15.69025965,100.10972991,''),(220,'4','3',13,'โรงพยาบาลสวรรค์ประชารักษ์ กลุ่มงานเทคนิคการแพทย์และพยาธิวิทยาคลินิก จ.นครสวรรค์','สหกิจศึกษา','','','','','','','','นครสวรรค์',15.70704509,100.13843182,''),(221,'4','2',13,'โรงพยาบาลสวรรค์ประชารักษ์ (กลุ่มงานพยาธิวิทยากายวิภาค)','สหกิจศึกษา','','','','','','','','นครสวรรค์',15.70709673,100.13836745,''),(222,'4','2',5,'ศูนย์วิทยาศาสตร์การแพทย์ที่ 3 นครสวรรค์','สหกิจศึกษา','','','','','','','','นครสวรรค์',15.71102501,100.06995238,''),(223,'4','2',5,'สถาบันวิจัยวิทยาศาสตร์สาธารณสุข กรมวิทยาศาสตร์การแพทย์','สหกิจศึกษา','','สถาบันวิจัยวิทยาศาสตร์สาธารณสุข กรมวิทยาศาสตร์การแพทย์','','','','','','นนทบุรี',14.12037621,100.52136759,''),(224,'1','2',13,'โรงพยาบาลน่าน (งานจุลชีววิทยา)','สหกิจศึกษา','','','','','','','','น่าน',18.82640000,100.83700000,''),(225,'4','3',3,'บริษัท เซนทาแล็บ จำกัด (ปทุมธานี)','สหกิจศึกษา','','','','','','','','ปทุมธานี',14.03253917,100.61257618,''),(226,'4','3',3,'บริษัท เซน ไบโอเทค จํากัด','สหกิจศึกษา','','','','','','','','ปทุมธานี',13.95326469,100.71426901,''),(227,'4','4',1,'มหาวิทยาลัยธรรมศาสตร์ ศูนย์แห่งความเป็นเลิศด้านการวิจัยและนวัตกรรมเซลล์ต้นกำเนิด','สหกิจศึกษา','','','','','','','','ปทุมธานี',13.75687268,100.49008303,''),(228,'4','2',1,'ศูนย์นาโนเทคโนโลยีแห่งชาติ สำนักงานพัฒนาวิทยาศาสตร์และเทคโนโลยีแห่งชาติ','สหกิจศึกษา','','','','','','','','ปทุมธานี',14.07971237,100.60415643,''),(229,'4','2',1,'ศูนย์พันธุวิศวกรรมและเทคโนโลยีชีวภาพแห่งชาติ (BIOTEC)','สหกิจศึกษา','','','','','','','','ปทุมธานี',14.07850913,100.60138818,''),(230,'4','2',4,'ศูนย์พิสูจน์หลักฐาน 1 ปทุมธานี กลุ่มงานตรวจชีววิทยาและดีเอ็นเอ','การฝึกงาน','','','','','','','','ปทุมธานี',14.08667250,100.61751910,''),(231,'4','2',4,'สถาบันนิติวิทยาศาสตร์ (ที่ทำการใหม่) - กองสารพันธุกรรม','สหกิจศึกษา','','','','วพ','','','','ปทุมธานี',13.88104753,100.56553069,''),(232,'4','2',1,'สถาบันวิจัยวิทยาศาสตร์และเทคโนโลยี (วว.)','สหกิจศึกษา','','','','','','','','ปทุมธานี',13.55750493,100.69554607,''),(233,'4','3',1,'สำนักตรวจสอบคุณภาพสินค้าปศุสัตว์ จ.ปทุมธานี','สหกิจศึกษา','','91 หมู่ 4 Santi Suk','','','','','','ปทุมธานี',13.98783220,100.54973239,''),(234,'4','3',3,'บริษัท อินเว ประเทศไทย จำกัด จ.พิจิตร','สหกิจศึกษา','','79/1 ม1 ถ.นครสวรรค์-พิษณุโลก','','','','','','พิจิตร',16.57830401,100.15126523,''),(235,'4','2',13,'โรงพยาบาลพิจิตร (กลุ่มงานเทคนิคการแพทย์และพยาธิวิทยาคลินิก ห้องปฏิบัติการด้านจุลชีววิทยา)','สหกิจศึกษา','','136 ตำบล ในเมือง อำเภอเมือง พิจิตร','','วพ (รวมจุล) นางสาวนลินนิภา ขำพรักษ์ นางสาวนลินทิพย','','','','พิจิตร',16.43524516,100.34486108,''),(236,'4','3',3,'บริษัท น้ำตาลพิษณุโลก จำกัด จ.พิษณุโลก','สหกิจศึกษา','','8/8  หมู่ 8 ถนน สันติบันเทิง-บางกระทุม (กม14)','','','','','','พิษณุโลก',16.57202173,100.35842199,''),(237,'4','2',1,'ภาคบริการโลหิตที่ 9 สภากาชาดไทย','สหกิจศึกษา','','ภาคบริการโลหิตแห่งชาติ ที่ 9','','','','','','พิษณุโลก',16.81793705,100.27234396,''),(238,'4','2',1,'มหาวิทยาลัยนเรศวร คณะแพทยศาสตร์ ภาควิชานิติเวชศาสตร์','สหกิจศึกษา','','คณะแพทย์ศาสตร์ มหาวิทยาลัยนเรศวร','','','','','','พิษณุโลก',16.74874932,100.18934706,''),(239,'4','1',1,'มหาวิทยาลัยนเรศวร คณะแพทยศาสตร์ ภาควิชาพยาธิวิทยา','สหกิจศึกษา','','คณะแพทยศาสตร์มหาวิทยาลัยนเรศวร','','','','','','พิษณุโลก',16.74874932,100.18931487,''),(240,'4','2',1,'มหาวิทยาลัยนเรศวร คณะเภสัชศาสตร์ ศูนย์วิจัยเครื่องสำอางและผลิตภัณฑ์ธรรมชาติ','สหกิจศึกษา','','คณะเภสัชศาสตร์ มหาวิทยาลัยนเรศวร','','','','','','พิษณุโลก',16.74678541,100.19047245,''),(241,'4','2',1,'มหาวิทยาลัยนเรศวร คณะวิทยาศาตร์การแพทย์ สถานบริการวิชาการด้านวิทยาศาสตร์การแพทย์','สหกิจศึกษา','','คณะวิทยาศาสตร์การแพทย์ มหาวิทยาลัยนเรศวร','','','','','','พิษณุโลก',16.74607679,100.19172034,''),(242,'4','2',1,'มหาวิทยาลัยนเรศวร คณะวิทยาศาสตร์การแพทย์ ภาควิชาจุลชีววิทยาและปรสิตวิทยา','สหกิจศึกษา','','คณะวิทยาศาสตร์การแพทย์ มหาวิทยาลัยนเรศวร','','','','','','พิษณุโลก',16.74599460,100.19130192,''),(243,'4','2',1,'มหาวิทยาลัยนเรศวร คณะวิทยาศาสตร์การแพทย์ ภาควิชาสรีรวิทยา (ผศ.ดร.วันทณี หาญช้าง)','สหกิจศึกษา','','ภาควิชาสรีรวิทยา คณะวิทยาศาสตร์การแพทย์ มหาวิทยาลัยนเรศวร','','','','','','พิษณุโลก',16.74597402,100.19161305,''),(244,'4','2',1,'มหาวิทยาลัยนเรศวร สถานสัตว์ทดลองเพื่อการวิจัย','สหกิจศึกษา','','สถานสัตว์ทดลอง มหาวิทยาลัยนเรศวร','','','','','','พิษณุโลก',16.73755189,100.19402741,''),(245,'4','3',13,'มหาวิทยาลัยนเรศวร อุทยานวิทยาศาสตร์ ห้องปฏิบัติการวิจัยเครื่องมือการแพทย์','สหกิจศึกษา','','อุทยานวิทยาศาสตร์มหาวิทยาลัยนเรศวร','','','','','','พิษณุโลก',16.74160449,100.19254396,''),(246,'4','1',13,'โรงพยาบาลพุทธชินราช','สหกิจศึกษา','','โรงพยาบาลพุทธชินราช พิษณุโลก','','','','','','พิษณุโลก',16.80898275,100.26344932,''),(247,'4','2',4,'ศูนย์พิสูจน์หลักฐาน 6 พิษณุโลก','การฝึกงาน','','ศูนย์พิสูจน์หลักฐาน 6 พิษณุโลก','','','','','','พิษณุโลก',16.84466729,100.25807554,''),(248,'4','4',1,'ศูนย์วิจัยและพัฒนาเมล็ดพันธุ์พืชพิษณุโลก','สหกิจศึกษา','','ศูนย์วิจัยและพัฒนาเมล็ดพันธุ์พืชพิษณุโลก','','','','','','พิษณุโลก',16.83862635,100.38394684,''),(249,'4','2',5,'ศูนย์วิทยาศาสตร์การแพทย์ที่ 2 พิษณุโลก','สหกิจศึกษา','','ศูนย์วิทยาศาสตร์การแพทย์ที่2 พิษณุโลก','','','','','','พิษณุโลก',16.84553879,100.26027597,''),(250,'4','3',6,'สำนักงานควบคุมป้องกันโรคที่ 2 พิษณุโลก กลุ่มห้องปฏิบัติการทางการแพทย์ด้านควบคุมโรค','สหกิจศึกษา','','สำนักงานป้องกันควบคุมโรคที่ 2 จังหวัดพิษณุโลก','','','','','','พิษณุโลก',16.84995528,100.26589932,''),(251,'4','3',3,'บริษัท แปซิฟิค ไบโอเทค จำกัด จ.เพชรบูรณ์','สหกิจศึกษา','','หมู่ที่ 4 42 NaPA Mueng Phrtchabun','','','','','','เพชรบูรณ์',16.38653048,101.20276095,''),(252,'4','2',4,'พิสูจน์หลักฐานจังหวัดเพชรบูรณ์','สหกิจศึกษา','','กองพิสูจน์หลักฐานจังหวัดเพชรบูรณ์ ','','','','','','เพชรบูรณ์',16.46473887,101.15566745,''),(253,'5','3',3,'บมจ.เจริญโภคภัณฑ์อาหาร จ.ระยอง','สหกิจศึกษา','','','','','','','','ระยอง',12.81250000,101.40200000,''),(254,'3','4',1,'ศูนย์วิจัยและพัฒนาการสัตวแพทย์ภาคตะวันตก จังหวัดราชบุรี','สหกิจศึกษา','','','','','','','','ราชบุรี',13.49640000,99.61280000,''),(255,'4','3',3,'บริษัท สหฟาร์ม จำกัด จังหวัดลพบุรี','สหกิจศึกษา','','สหฟาร์ม จำกัด จ.ลพบุรี','','','','','','ลพบุรี',15.52683785,101.04039633,''),(256,'4','3',13,'โรงพยาบาลพระนารายณ์มหาราช จ.ลพบุรี','สหกิจศึกษา','','260 Phahonyothin Rd, Khao Sam Yot, Mueang Lop Buri District, Lopburi 15000','','','','','','ลพบุรี',14.80512771,100.65290276,''),(257,'4','3',13,'โรงพยาบาลอานันทมหิดล กองพยาธิวิทยา จ.ลพบุรี','สหกิจศึกษา','','','','','','','','ลพบุรี',15.11470000,100.94400000,''),(258,'1','4',13,'โรงพยาบาลมะเร็งลำปาง','การฝึกงาน','','โรงพยาบาลมะเร็งลำปาง','','','','','','ลำปาง',18.34413657,99.54512158,''),(259,'1','1',13,'โรงพยาบาลลำปาง','สหกิจศึกษา','','โรงพยาบาลลำปาง','','','','','','ลำปาง',18.28714570,99.50594761,''),(260,'1','2',4,'ศูนย์พิสูจน์หลักฐาน 5 ลำปาง','สหกิจศึกษา','','ศูนย์พิสูจน์หลักฐานตำรวจรัฐ 5','','','','','','ลำปาง',18.29861974,99.49288021,''),(261,'6','2',1,'มหาวิทยาลัยสงขลานครินทร์ คณะพยาบาลศาสตร์ (รศ.ดร.กันตพร ยอดใชย)','สหกิจศึกษา','','','','','','','','สงขลา',6.81212000,100.56800000,''),(262,'4','3',3,'บริษัท เมก้า ไลฟ์ไซแอ็นซ์ จำกัด (มหาชน)','สหกิจศึกษา','','HM32+CR Phraeksa, Mueang Samut Prakan District, Samut Prakan','','','','','','สมุทรปราการ',13.55368970,100.65236815,''),(263,'4','3',3,'บริษัท อินเตอร์เนชั่นแนล ฟู้ดส์ เทสติ้ง แลบบอราทอรีส์ จำกัด จ.สมุทรปราการ','สหกิจศึกษา','','155 Thepharak Rd, Tambon Bang Sao Thong, Bang Sao Thong District, Samut Prakan 10570','','','','','','สมุทรปราการ',13.59164450,100.77678704,''),(264,'4','4',3,'บริษัท โทฟุซัง จำกัด (โรงงานสมุทรสาคร)','การฝึกงาน','','G69R+PJ Tha Chin, Mueang Samut Sakhon District, Samut Sakhon','','','','','','สมุทรสาคร',13.51956760,100.24200702,''),(265,'4','3',3,'บริษัท ห้องปฏิบัติการกลาง (ประเทศไทย) จำกัด สมุทรสาคร','สหกิจศึกษา','','23, 13, Khok Kham, Mueang Samut Sakhon District, Samut Sakhon 74000','','','','','','สมุทรสาคร',13.51466117,100.32519541,''),(266,'4','3',2,'อสค สระบุรี (องค์การส่งเสริมกิจการโคนมเเห่งประเทศไทย สำนักงานใหญ่)','สหกิจศึกษา','','อสค สระบุรี','','','','','','สระบุรี',14.63555163,101.20415326,''),(267,'4','2',4,'พิสูจน์หลักฐานจังหวัดสุโขทัย','สหกิจศึกษา','','Ban Kluai, Mueang Sukhothai District, Sukhothai','','','','','','สุโขทัย',17.04854815,99.80688569,''),(268,'4','3',13,'โรงพยาบาลสุโขทัย จ.สุโขทัย','สหกิจศึกษา','',' Ban Kluai, Mueang Sukhothai District, Sukhothai','','','','','','สุโขทัย',17.01104241,99.79609954,''),(269,'1','4',4,'พิสูจน์หลักฐานจังหวัดอุตรดิตถ์','การฝึกงาน','','','','','','','','อุตรดิตถ์',17.71880000,100.53100000,''),(270,'1','2',13,'โรงพยาบาลอุตรดิตถ์ กลุ่มงานพยาธิวิทยากายวิภาค','สหกิจศึกษา','','โรงพยาบาลอุตรดิษถ์','','','','','','อุตรดิตถ์',17.61989179,100.08681654,''),(271,'4','3',13,'โรงพยาบาลอุทัยธานี จ.อุทัยธานี','สหกิจศึกษา','','Uthai Mai, Mueang Uthai Thani District, Uthai Thani','','','','','','อุทัยธานี',15.38065222,100.02042843,''),(272,'2','1',13,'โรงพยาบาลสรรพสิทธิประสงค์','สหกิจศึกษา','','','','','','','','อุบลราชธานี',15.01370000,105.01600000,''),(276,'4','3',1,'จุฬาลงกรณ์มหาวิทยาลัย คณะแพทยศาสตร์','สหกิจศึกษา',NULL,'',NULL,'',NULL,NULL,NULL,'กรุงเทพมหานคร',13.73019882,100.53620300,NULL),(277,'4','3',3,'บริษัท กรุงเทพ อาร์ ไอ เอ แล็บ จำกัด (BRIA lab)','สหกิจศึกษา',NULL,'',NULL,'',NULL,NULL,NULL,'กรุงเทพมหานคร',13.77510277,100.61775104,NULL),(278,'4','3',1,'มหาวิทยาลัยมหิดล คณะแพทยศาสตร์ศิริราชพยาบาล','สหกิจศึกษา',NULL,'',NULL,'',NULL,NULL,NULL,'กรุงเทพมหานคร',13.76027538,100.48585052,NULL),(279,'4','3',1,'สถาบันวิจัยวิทยาศาสตร์การแพทย์ทหาร กรุงเทพฯ','สหกิจศึกษา',NULL,'ถนนโยธี แขวงทุ่งพญาไท เขตราชเทวี กรุงเทพมหานคร 10400',NULL,'วพ (รวมจุล) นางสาวแพรวา ฤทธิ์เต็ม',NULL,NULL,NULL,'กรุงเทพมหานคร',13.76274232,100.53345224,NULL),(280,'2','3',1,'มหาวิทยาลัยขอนแก่น คณะแพทยศาสตร์','สหกิจศึกษา','','','','','',NULL,NULL,'ขอนแก่น',16.47456461,102.82238907,NULL),(281,'1','3',1,'มหาวิทยาลัยเชียงใหม่ คณะแพทยศาสตร์','สหกิจศึกษา',NULL,'',NULL,'',NULL,NULL,NULL,'เชียงใหม่',18.83680000,98.69670000,NULL),(282,'1','3',1,'มหาวิทยาลัยเชียงใหม่ คณะสัตวแพทยศาสตร์ ศูนย์เวชศาสตร์ชันสูตรและนวัตกรรมด้านสุขภาพสัตว์','การฝึกงาน',NULL,'',NULL,'วพ (จุลฝาก)',NULL,NULL,NULL,'เชียงใหม่',18.83680000,98.69670000,NULL),(283,'1','3',13,'โรงพยาบาลนครพิงค์ จ.เชียงใหม่','สหกิจศึกษา',NULL,'',NULL,'',NULL,NULL,NULL,'เชียงใหม่',18.83680000,98.69670000,NULL),(284,'','3',1,'Tzu Chi University','สหกิจศึกษา',NULL,'',NULL,'',NULL,NULL,NULL,'ไต้หวัน',23.99330000,121.59106000,NULL),(285,'2','3',13,'มหาวิทยาลัยเทคโนโลยีสุรนารี','สหกิจศึกษา','','','','','',NULL,NULL,'นครราชสีมา',14.88204100,102.02105020,NULL),(286,'4','3',5,'ศูนย์วิทยาศาสตร์การแพทย์ที่ 3 นครสวรรค์','สหกิจศึกษา',NULL,'',NULL,'',NULL,NULL,NULL,'นครสวรรค์',15.71102501,100.06995238,NULL),(287,'4','3',5,'สถาบันวิจัยวิทยาศาสตร์สาธารณสุข กรมวิทยาศาสตร์การแพทย์','สหกิจศึกษา',NULL,'',NULL,'',NULL,NULL,NULL,'นนทบุรี',13.85403770,100.53062660,NULL),(288,'1','3',13,'โรงพยาบาลน่าน (งานจุลชีววิทยา)','สหกิจศึกษา',NULL,'',NULL,'',NULL,NULL,NULL,'น่าน',18.82640000,100.83700000,NULL),(289,'4','3',1,'ศูนย์พันธุวิศวกรรมและเทคโนโลยีชีวภาพแห่งชาติ (BIOTEC)','สหกิจศึกษา',NULL,'',NULL,'',NULL,NULL,NULL,'ปทุมธานี',14.07850913,100.60138818,NULL),(290,'4','3',4,'สถาบันนิติวิทยาศาสตร์ (ที่ทำการใหม่) - กองสารพันธุกรรม','สหกิจศึกษา',NULL,'',NULL,'วพ',NULL,NULL,NULL,'ปทุมธานี',13.88104753,100.56553069,NULL),(291,'4','3',13,'โรงพยาบาลพิจิตร (กลุ่มงานเทคนิคการแพทย์และพยาธิวิทยาคลินิก ห้องปฏิบัติการด้านจุลชีววิทยา)','สหกิจศึกษา',NULL,'',NULL,'วพ (รวมจุล) นางสาวนลินนิภา ขำพรักษ์ นางสาวนลินทิพย',NULL,NULL,NULL,'พิจิตร',16.23210000,100.37400000,NULL),(292,'4','3',1,'มหาวิทยาลัยนเรศวร คณะเภสัชศาสตร์ ศูนย์วิจัยเครื่องสำอางและผลิตภัณฑ์ธรรมชาติ','สหกิจศึกษา',NULL,'',NULL,'',NULL,NULL,NULL,'พิษณุโลก',16.97480000,100.49000000,NULL),(293,'4','3',1,'มหาวิทยาลัยนเรศวร คณะวิทยาศาสตร์การแพทย์ ภาควิชาจุลชีววิทยาและปรสิตวิทยา','สหกิจศึกษา',NULL,'',NULL,'',NULL,NULL,NULL,'พิษณุโลก',16.97480000,100.49000000,NULL),(294,'4','3',4,'ศูนย์พิสูจน์หลักฐาน 6 พิษณุโลก','การฝึกงาน',NULL,'',NULL,'',NULL,NULL,NULL,'พิษณุโลก',16.97480000,100.49000000,NULL),(295,'4','3',5,'ศูนย์วิทยาศาสตร์การแพทย์ที่ 2 พิษณุโลก','สหกิจศึกษา',NULL,'',NULL,'',NULL,NULL,NULL,'พิษณุโลก',16.97480000,100.49000000,NULL),(296,'1','3',4,'ศูนย์พิสูจน์หลักฐาน 5 ลำปาง','สหกิจศึกษา','','ศูนย์พิสูจน์หลักฐาน5 ตำรวจ\r\n','','','',NULL,NULL,'ลำปาง',18.29871141,99.49303041,NULL),(297,'4','1',1,'จุฬาลงกรณ์มหาวิทยาลัย คณะแพทยศาสตร์','สหกิจศึกษา',NULL,'',NULL,'',NULL,NULL,NULL,'กรุงเทพมหานคร',13.73019882,100.53620300,NULL),(298,'4','1',3,'บริษัท เอ็น เฮลท์ พยาธิวิทยา จำกัด (ซอยศูนย์วิจัย) N-Health สาขากรุงเทพฯ เขตห้วยขวาง','สหกิจศึกษา',NULL,'',NULL,'',NULL,NULL,NULL,'กรุงเทพมหานคร',13.74585547,100.58501068,NULL),(299,'4','1',1,'สถาบันพยาธิวิทยา กรมการแพทย์ กระทรวงสาธารณสุข','สหกิจศึกษา',NULL,'2/2 ถนนพญาไท แขวงทุ่งพญาไท เขตราชเทวี กรุงเทพฯ 10400',NULL,'',NULL,NULL,NULL,'กรุงเทพมหานคร',13.76452773,100.53524494,NULL),(300,'4','1',13,'สถาบันพยาธิวิทยา ศูนย์อำนวยการแพทย์พระมงกุฎเกล้า','สหกิจศึกษา',NULL,'2/2 พญาไท แขวงทุ่งพญาไท เขตราชเทวี กรุงเทพมหานคร 10400',NULL,'',NULL,NULL,NULL,'กรุงเทพมหานคร',13.76658191,100.53547695,NULL),(302,'1','1',13,'โรงพยาบาลเชียงรายประชานุเคราะห์ (ด้านพยาธิวิทยา)','สหกิจศึกษา',NULL,'',NULL,'',NULL,NULL,NULL,'เชียงราย',19.96070000,99.90590000,NULL),(303,'1','1',3,'บริษัท เอ็น เฮลท์ พยาธิวิทยา จำกัด (ซอยศูนย์วิจัย) N-Health สาขาเชียงใหม่','สหกิจศึกษา','','Chiang Mai, Mueang Chiang Mai District, Chiang Mai','','','',NULL,NULL,'เชียงใหม่',18.79672572,99.02367332,NULL),(304,'1','1',13,'โรงพยาบาลนครพิงค์ จ.เชียงใหม่','สหกิจศึกษา',NULL,'',NULL,'',NULL,NULL,NULL,'เชียงใหม่',18.83680000,98.69670000,NULL),(305,'4','1',13,'โรงพยาบาลสวรรค์ประชารักษ์ (กลุ่มงานพยาธิวิทยากายวิภาค)','สหกิจศึกษา',NULL,'',NULL,'',NULL,NULL,NULL,'นครสวรรค์',15.70709673,100.13836745,NULL),(306,'1','1',13,'โรงพยาบาลอุตรดิตถ์ กลุ่มงานพยาธิวิทยากายวิภาค','สหกิจศึกษา','','โรงพยาบาลอุตรดิตถ์','','','',NULL,NULL,'อุตรดิตถ์',17.61989179,100.08900522,NULL),(307,'4','4',1,'มหาวิทยาลัยเกษตรศาสตร์ สถาบันค้นคว้าและพัฒนาผลิตภัณฑ์อาหาร','สหกิจศึกษา',NULL,'',NULL,'',NULL,NULL,NULL,'กรุงเทพมหานคร',13.85379797,100.57061544,NULL),(308,'4','4',1,'มหาวิทยาลัยมหิดล คณะแพทยศาสตร์ศิริราชพยาบาล','สหกิจศึกษา',NULL,'',NULL,'',NULL,NULL,NULL,'กรุงเทพมหานคร',13.76027538,100.48585052,NULL),(309,'2','4',1,'มหาวิทยาลัยขอนแก่น คณะแพทยศาสตร์','สหกิจศึกษา','','','','','',NULL,NULL,'ขอนแก่น',16.47451317,102.82242126,NULL),(310,'1','4',1,'มหาวิทยาลัยเชียงใหม่ คณะแพทยศาสตร์','สหกิจศึกษา',NULL,'',NULL,'',NULL,NULL,NULL,'เชียงใหม่',18.83680000,98.69670000,NULL),(311,'1','4',1,'มหาวิทยาลัยเชียงใหม่ คณะสัตวแพทยศาสตร์ ศูนย์เวชศาสตร์ชันสูตรและนวัตกรรมด้านสุขภาพสัตว์','การฝึกงาน',NULL,'',NULL,'วพ (จุลฝาก)',NULL,NULL,NULL,'เชียงใหม่',18.83680000,98.69670000,NULL),(312,'1','4',1,'มหาวิทยาลัยเชียงใหม่ สถาบันวิศวกรรมชีวการแพทย์','สหกิจศึกษา',NULL,'',NULL,'',NULL,NULL,NULL,'เชียงใหม่',18.83680000,98.69670000,NULL),(313,'2','4',13,'มหาวิทยาลัยเทคโนโลยีสุรนารี','สหกิจศึกษา',NULL,'',NULL,'',NULL,NULL,NULL,'นครราชสีมา',14.89230000,102.10300000,NULL),(314,'4','4',4,'พิสูจน์หลักฐานจังหวัดนครสวรรค์','การฝึกงาน',NULL,'',NULL,'',NULL,NULL,NULL,'นครสวรรค์',15.69025965,100.10972991,NULL),(315,'4','4',1,'ศูนย์นาโนเทคโนโลยีแห่งชาติ สำนักงานพัฒนาวิทยาศาสตร์และเทคโนโลยีแห่งชาติ','สหกิจศึกษา',NULL,'',NULL,'',NULL,NULL,NULL,'ปทุมธานี',14.07971237,100.60415643,NULL),(316,'4','4',4,'ศูนย์พิสูจน์หลักฐาน 1 ปทุมธานี กลุ่มงานตรวจชีววิทยาและดีเอ็นเอ','การฝึกงาน',NULL,'',NULL,'',NULL,NULL,NULL,'ปทุมธานี',14.08667250,100.61751910,NULL),(317,'4','4',1,'มหาวิทยาลัยนเรศวร คณะเภสัชศาสตร์ ศูนย์วิจัยเครื่องสำอางและผลิตภัณฑ์ธรรมชาติ','สหกิจศึกษา',NULL,'',NULL,'',NULL,NULL,NULL,'พิษณุโลก',16.97480000,100.49000000,NULL),(318,'4','4',4,'ศูนย์พิสูจน์หลักฐาน 6 พิษณุโลก','การฝึกงาน',NULL,'',NULL,'',NULL,NULL,NULL,'พิษณุโลก',16.97480000,100.49000000,NULL),(319,'1','4',4,'ศูนย์พิสูจน์หลักฐาน 5 ลำปาง','สหกิจศึกษา',NULL,'',NULL,'',NULL,NULL,NULL,'ลำปาง',18.62960000,99.57070000,NULL),(320,'2','1',1,'มหาวิทยาลัยขอนแก่น คณะแพทยศาสตร์','สหกิจศึกษา','','มหาวิทยาลัยขอนแก่น','','','',NULL,NULL,'ขอนแก่น',16.47454400,102.82273249,NULL),(321,'2','2',1,'มหาวิทยาลัยขอนแก่น คณะแพทยศาสตร์','สหกิจศึกษา','','','','','',NULL,NULL,'ขอนแก่น',16.47455432,102.82247491,NULL);

#
# Structure for table "establishment"
#

DROP TABLE IF EXISTS `establishment`;
CREATE TABLE `establishment` (
  `id` int(11) NOT NULL AUTO_INCREMENT,
  `establishment` varchar(50) COLLATE utf8_bin NOT NULL,
  PRIMARY KEY (`id`)
) ENGINE=InnoDB AUTO_INCREMENT=14 DEFAULT CHARSET=utf8 COLLATE=utf8_bin;

#
# Data for table "establishment"
#

INSERT INTO `establishment` VALUES (1,'หน่วยวิจัย'),(2,'รัฐวิสาหกิจ'),(3,'เอกชน'),(4,'หน่วยพิสูจน์หลักฐาน'),(5,'ศูนย์วิทยาศาสตร์การแพทย์'),(6,'สำนักงานป้องกันควบคุมโรค'),(13,'โรงพยาบาล');

#
# Structure for table "facuty"
#

DROP TABLE IF EXISTS `facuty`;
CREATE TABLE `facuty` (
  `id` int(11) NOT NULL AUTO_INCREMENT,
  `facuty` varchar(50) COLLATE utf8_bin NOT NULL,
  `major_subject` varchar(50) COLLATE utf8_bin NOT NULL,
  `Eng_name` varchar(50) COLLATE utf8_bin NOT NULL,
  PRIMARY KEY (`id`)
) ENGINE=InnoDB AUTO_INCREMENT=15 DEFAULT CHARSET=utf8 COLLATE=utf8_bin;

#
# Data for table "facuty"
#

INSERT INTO `facuty` VALUES (1,'วิทยาศาสตร์การแพทย์','พยาธิวิทยากายวิภาค','pathology'),(2,'วิทยาศาสตร์การแพทย์','วิทยาศาสตร์การแพทย์','medical_science'),(3,'วิทยาศาสตร์การแพทย์','จุลชีววิทยา','microbiology'),(4,'วิทยาศาสตร์การแพทย์','ชีวเคมีและชีววิทยาโมเลกุล','biochemistry');

#
# Structure for table "internship_placements"
#

DROP TABLE IF EXISTS `internship_placements`;
CREATE TABLE `internship_placements` (
  `id` int(11) NOT NULL AUTO_INCREMENT,
  `establishment_name` varchar(255) COLLATE utf8_bin NOT NULL,
  `medical_science` int(11) DEFAULT NULL,
  `microbiology` int(11) DEFAULT NULL,
  `pathology` int(11) DEFAULT NULL,
  `biochemistry` int(11) DEFAULT NULL,
  `province` varchar(100) COLLATE utf8_bin NOT NULL,
  `internship_type` varchar(100) COLLATE utf8_bin NOT NULL,
  `coordinator_info` text COLLATE utf8_bin,
  PRIMARY KEY (`id`)
) ENGINE=InnoDB AUTO_INCREMENT=121 DEFAULT CHARSET=utf8 COLLATE=utf8_bin;

#
# Data for table "internship_placements"
#

INSERT INTO `internship_placements` VALUES (1,'กองพิสูจน์หลักฐานกลาง อาคาร 14-15 สำนักงานตำรวจแห่งชาติ กลุ่มงานตรวจชีววิทยาและดีเอ็นเอ',2,NULL,NULL,NULL,'กรุงเทพฯ','สหกิจศึกษา',NULL),(2,'การประปานครหลวง ส่วนวิเคราะห์คุณภาพน้ำระบบผลิต ฝ่ายโรงงานผลิตน้ำบางเขน',NULL,1,NULL,NULL,'กรุงเทพฯ','สหกิจศึกษา',NULL),(3,'จุฬาลงกรณ์มหาวิทยาลัย คณะแพทยศาสตร์',2,4,3,NULL,'กรุงเทพฯ','สหกิจศึกษา',NULL),(4,'บริษัท กรุงเทพ อาร์ ไอ เอ แล็บ จำกัด (BRIA lab)',3,2,NULL,NULL,'กรุงเทพฯ','สหกิจศึกษา',NULL),(5,'บริษัท ศูนย์ห้องปฏิบัติการและวิจัยทางการแพทย์ และการเกษตรแห่งเอเซีย จำกัด (AMARC)',NULL,2,NULL,NULL,'กรุงเทพฯ','สหกิจศึกษา',NULL),(6,'บริษัท ห้องปฏิบัติการกลาง (ประเทศไทย) จำกัด สาขากรุงเทพ',NULL,3,NULL,NULL,'กรุงเทพฯ','สหกิจศึกษา',NULL),(7,'บริษัท เอ็น เฮลท์ พยาธิวิทยา จำกัด (ซอยศูนย์วิจัย) N-Health สาขากรุงเทพฯ เขตห้วยขวาง',4,NULL,4,NULL,'กรุงเทพฯ','สหกิจศึกษา',NULL),(8,'บริษัท ไฮเทค แล็ป จํากัด',NULL,NULL,2,NULL,'กรุงเทพฯ','สหกิจศึกษา',NULL),(9,'มหาวิทยาลัยเกษตรศาสตร์ ศูนย์นวัตกรรมวัคซีนและชีวภัณฑ์',NULL,NULL,NULL,2,'กรุงเทพฯ','สหกิจศึกษา',NULL),(10,'มหาวิทยาลัยเกษตรศาสตร์ สถาบันค้นคว้าและพัฒนาผลิตภัณฑ์อาหาร',NULL,2,NULL,3,'กรุงเทพฯ','สหกิจศึกษา',NULL),(11,'มหาวิทยาลัยเทคโนโลยีพระจอมเกล้าธนบุรี สถาบันพัฒนาและฝึกอบรมโรงงานต้นแบบ',NULL,2,NULL,NULL,'กรุงเทพฯ','สหกิจศึกษา',NULL),(12,'มหาวิทยาลัยมหิดล คณะทันตแพทยศาสตร์ ภาควิชาชีววิทยาช่องปาก (รศ.ดร.อารี วนสุนทรวงศ์)',2,NULL,NULL,NULL,'กรุงเทพฯ','สหกิจศึกษา',NULL),(13,'มหาวิทยาลัยมหิดล คณะแพทยศาสตร์โรงพยาบาลรามาธิบดี ภาควิชาพยาธิวิทยา',1,NULL,NULL,NULL,'กรุงเทพฯ','สหกิจศึกษา',NULL),(14,'มหาวิทยาลัยมหิดล คณะแพทยศาสตร์ศิริราชพยาบาล',1,1,NULL,6,'กรุงเทพฯ','สหกิจศึกษา',NULL),(15,'มหาวิทยาลัยมหิดล คณะวิทยาศาสตร์ ภาควิชาชีววิทยา (ผศ.ดร.ป๋วย อุ่นใจ)',2,NULL,NULL,NULL,'กรุงเทพฯ','สหกิจศึกษา',NULL),(16,'มหาวิทยาลัยมหิดล คณะวิทยาศาสตร์ หน่วยวิจัยเพื่อความเป็นเลิศเทคโนโลยีชีวภาพกุ้ง (Centex shrimp)',1,NULL,NULL,NULL,'กรุงเทพฯ','สหกิจศึกษา',NULL),(17,'มหาวิทยาลัยมหิดล คณะเวชศาสตร์เขตร้อน ภาควิชาอายุรศาสตร์เขตร้อน',NULL,NULL,NULL,3,'กรุงเทพฯ','สหกิจศึกษา',NULL),(18,'โรงพยาบาลภูมิพลอดุลยเดช กรมแพทย์ทหารอากาศ',NULL,NULL,2,NULL,'กรุงเทพฯ','สหกิจศึกษา',NULL),(19,'โรงพยาบาลราชวิถี',NULL,NULL,3,NULL,'กรุงเทพฯ','สหกิจศึกษา',NULL),(20,'สถาบันบัณฑิตศึกษาจุฬาภรณ์ (สถาบันวิจัยจุฬาภรณ์ กลุ่มงานวิจัย)',1,NULL,NULL,NULL,'กรุงเทพฯ','สหกิจศึกษา',NULL),(21,'สถาบันพยาธิวิทยา กรมการแพทย์ กระทรวงสาธารณสุข',1,NULL,2,NULL,'กรุงเทพฯ','สหกิจศึกษา',NULL),(22,'สถาบันพยาธิวิทยา ศูนย์อำนวยการแพทย์พระมงกุฎเกล้า',NULL,4,2,NULL,'กรุงเทพฯ','สหกิจศึกษา',NULL),(23,'สถาบันวิจัยจุฬาภรณ์ สำนักวิจัย งานวิจัยด้านชีวการแพทย์ ห้องปฏิบัติการเภสัชวิทยา',1,NULL,NULL,NULL,'กรุงเทพฯ','สหกิจศึกษา',NULL),(24,'สถาบันวิจัยและพัฒนา องค์การเภสัชกรรม',NULL,NULL,NULL,1,'กรุงเทพฯ','การฝึกงาน',NULL),(25,'สถาบันวิจัยวิทยาศาสตร์การแพทย์ทหาร กรุงเทพฯ',6,1,NULL,NULL,'กรุงเทพฯ','สหกิจศึกษา','วพ (รวมจุล) นางสาวแพรวา ฤทธิ์เต็ม'),(26,'สถาบันอาหาร กรุงเทพฯ',NULL,2,NULL,NULL,'กรุงเทพฯ','สหกิจศึกษา',NULL),(27,'บริษัท อายิโน๊ะโมโต๊ะ (ประเทศไทย) จำกัด โรงงานกำแพงเพชร',NULL,1,NULL,NULL,'กำแพงเพชร','สหกิจศึกษา',NULL),(28,'พิสูจน์หลักฐานจังหวัดกำแพงเพชร',NULL,2,NULL,NULL,'กำแพงเพชร','สหกิจศึกษา',NULL),(29,'บริษัท ห้องปฏิบัติการกลาง (ประเทศไทย) จำกัด สาขาขอนแก่น',NULL,2,NULL,NULL,'ขอนแก่น','สหกิจศึกษา',NULL),(30,'มหาวิทยาลัยขอนแก่น คณะแพทยศาสตร์',3,4,5,1,'ขอนแก่น','สหกิจศึกษา',NULL),(31,'ศูนย์พิสูจน์หลักฐาน 4 ขอนแก่น',NULL,2,NULL,NULL,'ขอนแก่น','สหกิจศึกษา',NULL),(32,'ศูนย์วิทยาศาสตร์การแพทย์ที่ 7 ขอนแก่น',NULL,3,NULL,NULL,'ขอนแก่น','สหกิจศึกษา',NULL),(33,'การประปาส่วนภูมิภาคเขต 1 ชลบุรี',NULL,1,NULL,NULL,'ชลบุรี','สหกิจศึกษา',NULL),(34,'บริษัท คอลเกต-ปาล์มโอลีฟ (ประเทศไทย) จํากัด จ.ชลบุรี',NULL,2,NULL,NULL,'ชลบุรี','สหกิจศึกษา',NULL),(35,'บริษัท มี้ด จอห์นสัน นิวทริชัน (ประเทศไทย) จำกัด จ.ชลบุรี',NULL,2,NULL,NULL,'ชลบุรี','สหกิจศึกษา',NULL),(36,'บริษัท เอฟซี ลาบอราทอรี่ จำกัด จ.ชลบุรี',NULL,2,NULL,NULL,'ชลบุรี','สหกิจศึกษา',NULL),(37,'มหาวิทยาลัยบูรพา คณะเภสัชศาสตร์',NULL,NULL,NULL,2,'ชลบุรี','การฝึกงาน',NULL),(38,'โรงพยาบาลชลบุรี',NULL,NULL,3,NULL,'ชลบุรี','สหกิจศึกษา',NULL),(39,'โรงพยาบาลสมเด็จพระนางเจ้าสิริกิติ์ กรมแพทย์ทหารเรือ',NULL,NULL,1,NULL,'ชลบุรี','สหกิจศึกษา',NULL),(40,'ศูนย์พิสูจน์หลักฐาน 2 ชลบุรี กลุ่มงานตรวจสถานที่เกิดเหตุ',2,NULL,NULL,NULL,'ชลบุรี','สหกิจศึกษา','ทำหนังสือฝากชีวเคมี'),(41,'ศูนย์วิจัยและพัฒนาการสัตวแพทย์ภาคตะวันออก จังหวัดชลบุรี',NULL,NULL,NULL,3,'ชลบุรี','สหกิจศึกษา',NULL),(42,'ศูนย์วิทยาศาสตร์การแพทย์ที่ 6 ชลบุรี',NULL,2,NULL,NULL,'ชลบุรี','สหกิจศึกษา',NULL),(43,'บริษัท นาอีฟ อินโนว่า จำกัด',NULL,NULL,NULL,1,'เชียงราย','สหกิจศึกษา',NULL),(44,'มหาวิทยาลัยแม่ฟ้าหลวง ศูนย์เครื่องมือวิทยาศาสตร์และเทคโนโลยี',NULL,NULL,NULL,4,'เชียงราย','การฝึกงาน',NULL),(45,'โรงพยาบาลเชียงรายประชานุเคราะห์ (ด้านพยาธิวิทยา)',2,NULL,3,NULL,'เชียงราย','สหกิจศึกษา',NULL),(46,'ศูนย์วิทยาศาสตร์การแพทย์ที่ 1/1 เชียงราย',1,NULL,NULL,NULL,'เชียงราย','สหกิจศึกษา',NULL),(47,'บริษัท ห้องปฏิบัติการกลาง (ประเทศไทย) จำกัด สาขาเชียงใหม่',NULL,4,NULL,NULL,'เชียงใหม่','สหกิจศึกษา',NULL),(48,'บริษัท อีสท์ เวสท์ ซีด จำกัด (สาขาเชียงใหม่)',NULL,NULL,NULL,2,'เชียงใหม่','สหกิจศึกษา',NULL),(49,'บริษัท เอ็น เฮลท์ พยาธิวิทยา จำกัด (ซอยศูนย์วิจัย) N-Health สาขาเชียงใหม่',2,NULL,3,NULL,'เชียงใหม่','สหกิจศึกษา',NULL),(50,'พิสูจน์หลักฐานจังหวัดเชียงใหม่',1,NULL,NULL,NULL,'เชียงใหม่','สหกิจศึกษา',NULL),(51,'มหาวิทยาลัยเชียงใหม่ คณะแพทยศาสตร์',5,1,NULL,7,'เชียงใหม่','สหกิจศึกษา',NULL),(52,'มหาวิทยาลัยเชียงใหม่ คณะสัตวแพทยศาสตร์ ศูนย์เวชศาสตร์ชันสูตรและนวัตกรรมด้านสุขภาพสัตว์',2,1,NULL,2,'เชียงใหม่','การฝึกงาน','วพ (จุลฝาก)'),(53,'มหาวิทยาลัยเชียงใหม่ สถาบันวิจัยวิทยาศาสตร์สุขภาพ',NULL,NULL,NULL,2,'เชียงใหม่','การฝึกงาน',NULL),(54,'มหาวิทยาลัยเชียงใหม่ สถาบันวิศวกรรมชีวการแพทย์',1,NULL,NULL,2,'เชียงใหม่','สหกิจศึกษา',NULL),(55,'มหาวิทยาลัยแม่โจ้ สถาบันบริการตรวจสอบคุณภาพและมาตรฐานผลิตภัณฑ์ (IQS)',NULL,3,NULL,NULL,'เชียงใหม่','สหกิจศึกษา',NULL),(56,'โรงพยาบาลเทพปัญญา',NULL,NULL,2,NULL,'เชียงใหม่','สหกิจศึกษา',NULL),(57,'โรงพยาบาลนครพิงค์ จ.เชียงใหม่',1,2,2,NULL,'เชียงใหม่','สหกิจศึกษา',NULL),(58,'ศูนย์วิทยาศาสตร์การแพทย์ที่ 1 เชียงใหม่ กลุ่มคุ้มครองผู้บริโภคด้านสาธารณสุข กลุ่มงานอาหาร',1,NULL,NULL,NULL,'เชียงใหม่','สหกิจศึกษา',NULL),(59,'อสค เชียงใหม่ (องค์การส่งเสริมกิจการโคนมเเห่งประเทศไทย ภาคเหนือตอนบน)',NULL,2,NULL,NULL,'เชียงใหม่','สหกิจศึกษา',NULL),(60,'ศูนย์วิจัยมาลาเรียโซโกล Shoklo Malaria Research Unit (SMRU) จ.ตาก',NULL,1,NULL,NULL,'ตาก','สหกิจศึกษา',NULL),(61,'Tzu Chi University',1,1,NULL,NULL,'ไต้หวัน','สหกิจศึกษา',NULL),(62,'มหาวิทยาลัยมหิดล สถาบันชีววิทยาศาสตร์โมเลกุล ศูนย์วิจัยประสาทวิทยาศาสตร์ วิทยาเขตศาลายา',NULL,NULL,NULL,2,'นครปฐม','สหกิจศึกษา',NULL),(63,'โรงพยาบาลนครปฐม',NULL,NULL,4,NULL,'นครปฐม','สหกิจศึกษา',NULL),(64,'มหาวิทยาลัยเทคโนโลยีสุรนารี',1,2,NULL,2,'นครราชสีมา','สหกิจศึกษา',NULL),(65,'ศูนย์วิทยาศาสตร์การแพทย์ที่ 9 นครราชสีมา',1,NULL,NULL,NULL,'นครราชสีมา','สหกิจศึกษา',NULL),(66,'บริษัท แดรี่ พลัส จำกัด จ.นครสวรรค์',NULL,1,NULL,NULL,'นครสวรรค์','สหกิจศึกษา',NULL),(67,'พิสูจน์หลักฐานจังหวัดนครสวรรค์',NULL,2,NULL,2,'นครสวรรค์','การฝึกงาน',NULL),(68,'102.83385923027402',NULL,1,NULL,NULL,'นครสวรรค์','สหกิจศึกษา',NULL),(69,'โรงพยาบาลสวรรค์ประชารักษ์ (กลุ่มงานพยาธิวิทยากายวิภาค)',3,NULL,5,NULL,'นครสวรรค์','สหกิจศึกษา',NULL),(70,'ศูนย์วิทยาศาสตร์การแพทย์ที่ 3 นครสวรรค์',1,1,NULL,NULL,'นครสวรรค์','สหกิจศึกษา',NULL),(71,'สถาบันวิจัยวิทยาศาสตร์สาธารณสุข กรมวิทยาศาสตร์การแพทย์',3,1,NULL,NULL,'นนทบุรี','สหกิจศึกษา',NULL),(72,'โรงพยาบาลน่าน (งานจุลชีววิทยา)',1,1,NULL,NULL,'น่าน','สหกิจศึกษา',NULL),(73,'บริษัท เซนทาแล็บ จำกัด (ปทุมธานี)',NULL,2,NULL,NULL,'ปทุมธานี','สหกิจศึกษา',NULL),(74,'บริษัท เซน ไบโอเทค จํากัด',NULL,2,NULL,NULL,'ปทุมธานี','สหกิจศึกษา',NULL),(75,'มหาวิทยาลัยธรรมศาสตร์ ศูนย์แห่งความเป็นเลิศด้านการวิจัยและนวัตกรรมเซลล์ต้นกำเนิด',NULL,NULL,NULL,2,'ปทุมธานี','สหกิจศึกษา',NULL),(76,'ศูนย์นาโนเทคโนโลยีแห่งชาติ สำนักงานพัฒนาวิทยาศาสตร์และเทคโนโลยีแห่งชาติ',2,NULL,NULL,1,'ปทุมธานี','สหกิจศึกษา',NULL),(77,'ศูนย์พันธุวิศวกรรมและเทคโนโลยีชีวภาพแห่งชาติ (BIOTEC)',2,3,NULL,NULL,'ปทุมธานี','สหกิจศึกษา',NULL),(78,'ศูนย์พิสูจน์หลักฐาน 1 ปทุมธานี กลุ่มงานตรวจชีววิทยาและดีเอ็นเอ',1,NULL,NULL,4,'ปทุมธานี','การฝึกงาน',NULL),(79,'สถาบันนิติวิทยาศาสตร์ (ที่ทำการใหม่) - กองสารพันธุกรรม',1,1,NULL,NULL,'ปทุมธานี','สหกิจศึกษา','วพ'),(80,'สถาบันวิจัยวิทยาศาสตร์และเทคโนโลยี (วว.)',4,NULL,NULL,NULL,'ปทุมธานี','สหกิจศึกษา',NULL),(81,'สำนักตรวจสอบคุณภาพสินค้าปศุสัตว์ จ.ปทุมธานี',NULL,2,NULL,NULL,'ปทุมธานี','สหกิจศึกษา',NULL),(82,'บริษัท อินเว ประเทศไทย จำกัด จ.พิจิตร',NULL,2,NULL,NULL,'พิจิตร','สหกิจศึกษา',NULL),(83,'โรงพยาบาลพิจิตร (กลุ่มงานเทคนิคการแพทย์และพยาธิวิทยาคลินิก ห้องปฏิบัติการด้านจุลชีววิทยา)',2,2,NULL,NULL,'พิจิตร','สหกิจศึกษา','วพ (รวมจุล) นางสาวนลินนิภา ขำพรักษ์ นางสาวนลินทิพย์ บุญแนบ 13 ม.ค. 68 เวลา 13.00-14.30 น.'),(84,'บริษัท น้ำตาลพิษณุโลก จำกัด จ.พิษณุโลก',NULL,2,NULL,NULL,'พิษณุโลก','สหกิจศึกษา',NULL),(85,'ภาคบริการโลหิตที่ 9 สภากาชาดไทย',2,NULL,NULL,NULL,'พิษณุโลก','สหกิจศึกษา',NULL),(86,'มหาวิทยาลัยนเรศวร คณะแพทยศาสตร์ ภาควิชานิติเวชศาสตร์',3,NULL,NULL,NULL,'พิษณุโลก','สหกิจศึกษา',NULL),(87,'มหาวิทยาลัยนเรศวร คณะแพทยศาสตร์ ภาควิชาพยาธิวิทยา',NULL,NULL,2,NULL,'พิษณุโลก','สหกิจศึกษา',NULL),(88,'มหาวิทยาลัยนเรศวร คณะเภสัชศาสตร์ ศูนย์วิจัยเครื่องสำอางและผลิตภัณฑ์ธรรมชาติ',1,1,NULL,1,'พิษณุโลก','สหกิจศึกษา',NULL),(89,'มหาวิทยาลัยนเรศวร คณะวิทยาศาตร์การแพทย์ สถานบริการวิชาการด้านวิทยาศาสตร์การแพทย์',2,NULL,NULL,NULL,'พิษณุโลก','สหกิจศึกษา',NULL),(90,'มหาวิทยาลัยนเรศวร คณะวิทยาศาสตร์การแพทย์ ภาควิชาจุลชีววิทยาและปรสิตวิทยา',1,1,NULL,NULL,'พิษณุโลก','สหกิจศึกษา',NULL),(91,'มหาวิทยาลัยนเรศวร คณะวิทยาศาสตร์การแพทย์ ภาควิชาสรีรวิทยา (ผศ.ดร.วันทณี หาญช้าง)',1,NULL,NULL,NULL,'พิษณุโลก','สหกิจศึกษา',NULL),(92,'มหาวิทยาลัยนเรศวร สถานสัตว์ทดลองเพื่อการวิจัย',1,NULL,NULL,NULL,'พิษณุโลก','สหกิจศึกษา',NULL),(93,'มหาวิทยาลัยนเรศวร อุทยานวิทยาศาสตร์ ห้องปฏิบัติการวิจัยเครื่องมือการแพทย์',NULL,1,NULL,NULL,'พิษณุโลก','สหกิจศึกษา',NULL),(94,'โรงพยาบาลพุทธชินราช',NULL,NULL,3,NULL,'พิษณุโลก','สหกิจศึกษา',NULL),(95,'ศูนย์พิสูจน์หลักฐาน 6 พิษณุโลก',2,2,NULL,2,'พิษณุโลก','การฝึกงาน',NULL),(96,'ศูนย์วิจัยและพัฒนาเมล็ดพันธุ์พืชพิษณุโลก',NULL,NULL,NULL,2,'พิษณุโลก','สหกิจศึกษา',NULL),(97,'ศูนย์วิทยาศาสตร์การแพทย์ที่ 2 พิษณุโลก',5,2,NULL,NULL,'พิษณุโลก','สหกิจศึกษา',NULL),(98,'สำนักงานควบคุมป้องกันโรคที่ 2 พิษณุโลก กลุ่มห้องปฏิบัติการทางการแพทย์ด้านควบคุมโรค',NULL,2,NULL,NULL,'พิษณุโลก','สหกิจศึกษา',NULL),(99,'บริษัท แปซิฟิค ไบโอเทค จำกัด จ.เพชรบูรณ์',NULL,1,NULL,NULL,'เพชรบูรณ์','สหกิจศึกษา',NULL),(100,'พิสูจน์หลักฐานจังหวัดเพชรบูรณ์',1,NULL,NULL,NULL,'เพชรบูรณ์','สหกิจศึกษา',NULL),(101,'บมจ.เจริญโภคภัณฑ์อาหาร จ.ระยอง',NULL,2,NULL,NULL,'ระยอง','สหกิจศึกษา',NULL),(102,'ศูนย์วิจัยและพัฒนาการสัตวแพทย์ภาคตะวันตก จังหวัดราชบุรี',NULL,NULL,NULL,2,'ราชบุรี','สหกิจศึกษา',NULL),(103,'บริษัท สหฟาร์ม จำกัด จังหวัดลพบุรี',NULL,4,NULL,NULL,'ลพบุรี','สหกิจศึกษา',NULL),(104,'โรงพยาบาลพระนารายณ์มหาราช จ.ลพบุรี',NULL,1,NULL,NULL,'ลพบุรี','สหกิจศึกษา',NULL),(105,'โรงพยาบาลอานันทมหิดล กองพยาธิวิทยา จ.ลพบุรี',NULL,1,NULL,NULL,'ลพบุรี','สหกิจศึกษา',NULL),(106,'โรงพยาบาลมะเร็งลำปาง',NULL,NULL,NULL,2,'ลำปาง','การฝึกงาน',NULL),(107,'โรงพยาบาลลำปาง',NULL,NULL,4,NULL,'ลำปาง','สหกิจศึกษา',NULL),(108,'ศูนย์พิสูจน์หลักฐาน 5 ลำปาง',1,1,NULL,4,'ลำปาง','สหกิจศึกษา',NULL),(109,'มหาวิทยาลัยสงขลานครินทร์ คณะพยาบาลศาสตร์ (รศ.ดร.กันตพร ยอดใชย)',1,NULL,NULL,NULL,'สงขลา','สหกิจศึกษา',NULL),(110,'บริษัท เมก้า ไลฟ์ไซแอ็นซ์ จำกัด (มหาชน)',NULL,1,NULL,NULL,'สมุทรปราการ','สหกิจศึกษา',NULL),(111,'บริษัท อินเตอร์เนชั่นแนล ฟู้ดส์ เทสติ้ง แลบบอราทอรีส์ จำกัด จ.สมุทรปราการ',NULL,2,NULL,NULL,'สมุทรปราการ','สหกิจศึกษา',NULL),(112,'บริษัท โทฟุซัง จำกัด (โรงงานสมุทรสาคร)',NULL,NULL,NULL,1,'สมุทรสาคร','การฝึกงาน',NULL),(113,'บริษัท ห้องปฏิบัติการกลาง (ประเทศไทย) จำกัด สมุทรสาคร',NULL,3,NULL,NULL,'สมุทรสาคร','สหกิจศึกษา',NULL),(114,'อสค สระบุรี (องค์การส่งเสริมกิจการโคนมเเห่งประเทศไทย สำนักงานใหญ่)',NULL,1,NULL,NULL,'สระบุรี','สหกิจศึกษา',NULL),(115,'พิสูจน์หลักฐานจังหวัดสุโขทัย',1,NULL,NULL,NULL,'สุโขทัย','สหกิจศึกษา',NULL),(116,'โรงพยาบาลสุโขทัย จ.สุโขทัย',NULL,2,NULL,NULL,'สุโขทัย','สหกิจศึกษา',NULL),(117,'พิสูจน์หลักฐานจังหวัดอุตรดิตถ์',NULL,NULL,NULL,2,'อุตรดิตถ์','การฝึกงาน',NULL),(118,'โรงพยาบาลอุตรดิตถ์ กลุ่มงานพยาธิวิทยากายวิภาค',1,NULL,2,NULL,'อุตรดิตถ์','สหกิจศึกษา',NULL),(119,'โรงพยาบาลอุทัยธานี จ.อุทัยธานี',NULL,1,NULL,NULL,'อุทัยธานี','สหกิจศึกษา',NULL),(120,'โรงพยาบาลสรรพสิทธิประสงค์',NULL,NULL,1,NULL,'อุบลราชธานี','สหกิจศึกษา',NULL);

#
# Structure for table "province"
#

DROP TABLE IF EXISTS `province`;
CREATE TABLE `province` (
  `id` int(11) NOT NULL,
  `name` varchar(255) COLLATE utf8_bin DEFAULT NULL,
  `region_id` int(11) DEFAULT NULL,
  `latitude` decimal(11,8) NOT NULL,
  `longitude` decimal(11,8) NOT NULL,
  PRIMARY KEY (`id`),
  KEY `region_id` (`region_id`)
) ENGINE=InnoDB DEFAULT CHARSET=utf8 COLLATE=utf8_bin;

#
# Data for table "province"
#

INSERT INTO `province` VALUES (1,'เชียงราย',1,19.96070000,99.90590000),(2,'เชียงใหม่',1,18.83680000,98.69670000),(3,'น่าน',1,18.82640000,100.83700000),(4,'พะเยา',1,19.18660000,100.16000000),(5,'แพร่',1,18.05770000,99.92630000),(6,'แม่ฮ่องสอน',1,18.40430000,97.89110000),(7,'ลำปาง',1,18.62960000,99.57070000),(8,'ลำพูน',1,18.13330000,98.99790000),(9,'อุตรดิตถ์',1,17.71880000,100.53100000),(10,'กาฬสินธุ์',2,16.62240000,103.67900000),(11,'ขอนแก่น',2,16.57620000,102.68300000),(12,'ชัยภูมิ',2,16.01380000,101.87700000),(13,'นครพนม',2,17.22270000,104.62800000),(14,'นครราชสีมา',2,14.89230000,102.10300000),(15,'บึงกาฬ',2,18.15650000,103.75200000),(16,'บุรีรัมย์',2,14.69900000,102.97100000),(17,'มหาสารคาม',2,15.91510000,103.18800000),(18,'มุกดาหาร',2,16.56360000,104.53100000),(19,'ยโสธร',2,16.02250000,104.32400000),(20,'ร้อยเอ็ด',2,15.96010000,103.82700000),(21,'เลย',2,17.40990000,101.51700000),(22,'ศรีสะเกษ',2,14.82480000,104.41800000),(23,'สกลนคร',2,17.35770000,103.84500000),(24,'สุรินทร์',2,14.93550000,103.58800000),(25,'หนองคาย',2,17.75530000,102.75400000),(26,'หนองบัวลำภู',2,17.23920000,102.31100000),(27,'อำนาจเจริญ',2,15.85830000,104.76600000),(28,'อุดรธานี',2,17.45110000,102.88200000),(29,'อุบลราชธานี',2,15.01370000,105.01600000),(30,'กาญจนบุรี',3,14.33170000,99.29690000),(31,'ตาก',3,17.00430000,98.84410000),(32,'ประจวบคีรีขันธ์',3,12.30530000,99.72740000),(33,'เพชรบุรี',3,12.87270000,99.59640000),(34,'ราชบุรี',3,13.49640000,99.61280000),(35,'กรุงเทพมหานคร',4,13.79300000,100.62600000),(36,'กำแพงเพชร',4,16.40090000,99.50980000),(37,'ชัยนาท',4,15.10550000,100.01300000),(38,'นครนายก',4,14.22490000,101.21000000),(39,'นครปฐม',4,13.91700000,100.07200000),(40,'นครสวรรค์',4,15.69430000,100.25000000),(41,'นนทบุรี',4,13.89330000,100.40700000),(42,'ปทุมธานี',4,14.03400000,100.62500000),(43,'พระนครศรีอยุธยา',4,14.40200000,100.52200000),(44,'พิจิตร',4,16.23210000,100.37400000),(45,'พิษณุโลก',4,16.97480000,100.49000000),(46,'เพชรบูรณ์',4,16.25890000,101.21000000),(47,'ลพบุรี',4,15.11470000,100.94400000),(48,'สมุทรปราการ',4,13.60600000,100.70400000),(49,'สมุทรสงคราม',4,13.40360000,99.97360000),(50,'สมุทรสาคร',4,13.56550000,100.22500000),(51,'สิงห์บุรี',4,14.97460000,100.34300000),(52,'สุโขทัย',4,17.24350000,99.70090000),(53,'สุพรรณบุรี',4,14.42980000,100.03400000),(54,'สระบุรี',4,14.49140000,100.90900000),(55,'อ่างทอง',4,14.63350000,100.35700000),(56,'อุทัยธานี',4,15.27000000,99.52750000),(57,'จันทบุรี',5,12.81170000,102.13900000),(58,'ฉะเชิงเทรา',5,13.63420000,101.41900000),(59,'ชลบุรี',5,13.29880000,101.27800000),(60,'ตราด',5,12.39250000,102.54100000),(61,'ปราจีนบุรี',5,14.10810000,101.59400000),(62,'ระยอง',5,12.81250000,101.40200000),(63,'สระแก้ว',5,13.85890000,102.38400000),(64,'กระบี่',6,8.13330000,98.98400000),(65,'ชุมพร',6,10.38090000,99.07550000),(66,'ตรัง',6,7.56967000,99.64670000),(67,'นครศรีธรรมราช',6,8.37448000,99.78190000),(68,'นราธิวาส',6,6.17758000,101.72700000),(69,'ปัตตานี',6,6.73910000,101.38100000),(70,'พังงา',6,8.57678000,98.39400000),(71,'พัทลุง',6,7.47276000,100.06200000),(72,'ภูเก็ต',6,7.97108000,98.34720000),(73,'ยะลา',6,6.14264000,101.21800000),(74,'ระนอง',6,9.51717000,98.58000000),(75,'สงขลา',6,6.81212000,100.56800000),(76,'สตูล',6,6.85827000,99.96330000),(77,'สุราษฎร์ธานี',6,9.00480000,99.01070000);

#
# Structure for table "recieve_year"
#

DROP TABLE IF EXISTS `recieve_year`;
CREATE TABLE `recieve_year` (
  `id` int(11) NOT NULL AUTO_INCREMENT,
  `location_id` int(11) NOT NULL,
  `year` varchar(10) COLLATE utf8_bin NOT NULL,
  `received` int(11) NOT NULL,
  `term` varchar(10) COLLATE utf8_bin NOT NULL,
  `major_subject_id` int(11) NOT NULL,
  PRIMARY KEY (`id`)
) ENGINE=InnoDB AUTO_INCREMENT=1323 DEFAULT CHARSET=utf8 COLLATE=utf8_bin;

#
# Data for table "recieve_year"
#

INSERT INTO `recieve_year` VALUES (1131,153,'2567',2,'1',2),(1132,155,'2567',2,'1',2),(1133,156,'2567',3,'1',2),(1134,159,'2567',4,'1',2),(1135,164,'2567',2,'1',2),(1136,165,'2567',1,'1',2),(1137,166,'2567',1,'1',2),(1138,167,'2567',2,'1',2),(1139,168,'2567',1,'1',2),(1140,172,'2567',1,'1',2),(1141,173,'2567',1,'1',2),(1142,175,'2567',1,'1',2),(1143,177,'2567',6,'1',2),(1144,182,'2567',3,'1',2),(1145,192,'2567',2,'1',2),(1146,197,'2567',2,'1',2),(1147,198,'2567',1,'1',2),(1148,201,'2567',2,'1',2),(1149,202,'2567',1,'1',2),(1150,203,'2567',5,'1',2),(1151,204,'2567',2,'1',2),(1152,206,'2567',1,'1',2),(1153,209,'2567',1,'1',2),(1154,210,'2567',1,'1',2),(1155,213,'2567',1,'1',2),(1156,216,'2567',1,'1',2),(1157,217,'2567',1,'1',2),(1158,221,'2567',3,'1',2),(1159,222,'2567',1,'1',2),(1160,223,'2567',3,'1',2),(1161,224,'2567',1,'1',2),(1162,228,'2567',2,'1',2),(1163,229,'2567',2,'1',2),(1164,230,'2567',1,'1',2),(1165,231,'2567',1,'1',2),(1166,232,'2567',4,'1',2),(1167,235,'2567',2,'1',2),(1168,237,'2567',2,'1',2),(1169,238,'2567',3,'1',2),(1170,240,'2567',1,'1',2),(1171,241,'2567',2,'1',2),(1172,242,'2567',1,'1',2),(1173,243,'2567',1,'1',2),(1174,244,'2567',1,'1',2),(1175,247,'2567',2,'1',2),(1176,249,'2567',5,'1',2),(1177,252,'2567',1,'1',2),(1178,260,'2567',1,'1',2),(1179,261,'2567',1,'1',2),(1180,267,'2567',1,'1',2),(1181,270,'2567',1,'1',2),(1194,154,'2567',1,'1',3),(1195,276,'2567',4,'1',3),(1196,277,'2567',2,'1',3),(1197,157,'2567',2,'1',3),(1198,158,'2567',3,'1',3),(1199,162,'2567',2,'1',3),(1200,163,'2567',2,'1',3),(1201,278,'2567',1,'1',3),(1202,174,'2567',4,'1',3),(1203,279,'2567',1,'1',3),(1204,178,'2567',2,'1',3),(1205,179,'2567',1,'1',3),(1206,180,'2567',2,'1',3),(1207,181,'2567',2,'1',3),(1208,182,'2567',4,'1',3),(1209,183,'2567',2,'1',3),(1210,184,'2567',3,'1',3),(1211,185,'2567',1,'1',3),(1212,186,'2567',2,'1',3),(1213,187,'2567',2,'1',3),(1214,188,'2567',2,'1',3),(1215,194,'2567',2,'1',3),(1216,199,'2567',4,'1',3),(1217,281,'2567',1,'1',3),(1218,282,'2567',1,'1',3),(1219,207,'2567',3,'1',3),(1220,283,'2567',2,'1',3),(1221,211,'2567',2,'1',3),(1222,212,'2567',1,'1',3),(1223,284,'2567',1,'1',3),(1224,285,'2567',2,'1',3),(1225,218,'2567',1,'1',3),(1226,219,'2567',2,'1',3),(1227,220,'2567',1,'1',3),(1228,286,'2567',1,'1',3),(1229,287,'2567',1,'1',3),(1230,288,'2567',1,'1',3),(1231,225,'2567',2,'1',3),(1232,226,'2567',2,'1',3),(1233,289,'2567',3,'1',3),(1234,290,'2567',1,'1',3),(1235,233,'2567',2,'1',3),(1236,234,'2567',2,'1',3),(1237,291,'2567',2,'1',3),(1238,236,'2567',2,'1',3),(1239,292,'2567',1,'1',3),(1240,293,'2567',1,'1',3),(1241,245,'2567',1,'1',3),(1242,294,'2567',2,'1',3),(1243,295,'2567',2,'1',3),(1244,250,'2567',2,'1',3),(1245,251,'2567',1,'1',3),(1246,253,'2567',2,'1',3),(1247,255,'2567',4,'1',3),(1248,256,'2567',1,'1',3),(1249,257,'2567',1,'1',3),(1250,296,'2567',1,'1',3),(1251,262,'2567',1,'1',3),(1252,263,'2567',2,'1',3),(1253,265,'2567',3,'1',3),(1254,266,'2567',1,'1',3),(1255,268,'2567',2,'1',3),(1256,271,'2567',1,'1',3),(1257,297,'2567',3,'1',1),(1258,298,'2567',4,'1',1),(1259,160,'2567',2,'1',1),(1260,170,'2567',2,'1',1),(1261,171,'2567',3,'1',1),(1262,299,'2567',2,'1',1),(1263,300,'2567',2,'1',1),(1264,182,'2567',5,'1',1),(1265,190,'2567',3,'1',1),(1266,191,'2567',1,'1',1),(1267,302,'2567',3,'1',1),(1268,303,'2567',3,'1',1),(1269,208,'2567',2,'1',1),(1270,304,'2567',2,'1',1),(1271,215,'2567',4,'1',1),(1272,305,'2567',5,'1',1),(1273,239,'2567',2,'1',1),(1274,246,'2567',3,'1',1),(1275,259,'2567',4,'1',1),(1276,306,'2567',2,'1',1),(1277,272,'2567',1,'1',1),(1288,161,'2567',2,'1',4),(1289,307,'2567',3,'1',4),(1290,308,'2567',6,'1',4),(1291,169,'2567',3,'1',4),(1292,176,'2567',1,'1',4),(1293,182,'2567',1,'1',4),(1294,189,'2567',2,'1',4),(1295,193,'2567',3,'1',4),(1296,195,'2567',1,'1',4),(1297,196,'2567',4,'1',4),(1298,200,'2567',2,'1',4),(1299,310,'2567',7,'1',4),(1300,311,'2567',2,'1',4),(1301,205,'2567',2,'1',4),(1302,312,'2567',2,'1',4),(1303,214,'2567',2,'1',4),(1304,313,'2567',2,'1',4),(1305,314,'2567',2,'1',4),(1306,227,'2567',2,'1',4),(1307,315,'2567',1,'1',4),(1308,316,'2567',4,'1',4),(1309,317,'2567',1,'1',4),(1310,318,'2567',2,'1',4),(1311,248,'2567',2,'1',4),(1312,254,'2567',2,'1',4),(1313,258,'2567',2,'1',4),(1314,319,'2567',4,'1',4),(1315,264,'2567',1,'1',4),(1316,269,'2567',2,'1',4),(1317,275,'2567',1,'1',2),(1318,275,'2567',3,'2',2),(1319,280,'2567',4,'1',0),(1320,309,'2567',1,'1',0),(1321,320,'2567',5,'1',0),(1322,321,'2567',3,'1',0);

#
# Structure for table "region"
#

DROP TABLE IF EXISTS `region`;
CREATE TABLE `region` (
  `id` int(11) NOT NULL,
  `name` varchar(255) COLLATE utf8_bin DEFAULT NULL,
  PRIMARY KEY (`id`)
) ENGINE=InnoDB DEFAULT CHARSET=utf8 COLLATE=utf8_bin;

#
# Data for table "region"
#

INSERT INTO `region` VALUES (1,'ภาคเหนือ'),(2,'ภาคตะวันออกเฉียงเหนือ'),(3,'ภาคตะวันตก'),(4,'ภาคกลาง'),(5,'ภาคตะวันออก'),(6,'ภาคใต้'),(7,'กรุงเทพ ปริมณฑล'),(8,'ม.นเรศวร'),(9,'พิษณุโลก');

#
# Structure for table "users"
#

DROP TABLE IF EXISTS `users`;
CREATE TABLE `users` (
  `id` int(11) NOT NULL AUTO_INCREMENT,
  `name` varchar(50) CHARACTER SET latin1 NOT NULL,
  `email` varchar(50) CHARACTER SET latin1 NOT NULL,
  `password` varchar(255) CHARACTER SET latin1 NOT NULL,
  `role_` varchar(10) CHARACTER SET latin1 NOT NULL,
  `FullName` varchar(128) COLLATE utf8_bin NOT NULL,
  `position` varchar(128) COLLATE utf8_bin NOT NULL,
  PRIMARY KEY (`id`)
) ENGINE=InnoDB AUTO_INCREMENT=28 DEFAULT CHARSET=utf8 COLLATE=utf8_bin;

#
# Data for table "users"
#

INSERT INTO `users` VALUES (9,'admin9','0@0','$2y$10$2hV0V8Fbr8w0AEqFUPIoUuwGO4pwrqObFcJWc20P/vElK17Nhexcy','admin','',''),(12,'admin1','','$2y$10$.JgWXLBQgQQ.RSK/WvCDN.yA2pQrlcub4n5Hk65DxxKrC9ArkLevu','adminB','',''),(13,'admin2','','$2y$10$OkoFjtPJmoZHbwO/E7IAHue1PFV62pZ0cVBzJllye/oRxX9xb9cVC','adminB','',''),(14,'admin3','','$2y$10$ARghkq3HXwlHLY/8DFouY.X95S9sSVTFNoK6Nh9CGH9MOml1clhlC','adminB','',''),(16,'admin4','','$2y$10$uRddkFFxAUPlOeBJw4LP1..phWds6QJNU2PiRLF0W/Odlh49MAYma','adminB','',''),(17,'admin5','','$2y$10$/PT1doNjUfVSuZvPK1uNPerUn9YgQ82iAnC8tNTYXpIA8/l6ONxFe','adminB','',''),(18,'admin6','','$2y$10$WeRmm2FlItkn1fDovQVhze0RLOjaqHoMZFln2H6geZ9w17/K7Gmwy','adminB','',''),(19,'admin7','','$2y$10$GbP0ByKn.Drgv19ze9i1IeP7kaMb/a8UN1ciOLnJLzsVSFUBApZ12','adminB','',''),(20,'admin8','','$2y$10$168QN3hyc9uJKsjTiEOqsO/xHJMo6HUSoF/qtIOm7ZHIzoh0Pq/9q','adminB','',''),(21,'admin10','','$2y$10$O/wwDxY1d/6B/9r0ksTMTego1U3RaDvkTULa3whwNUtW6Kyhu0Uze','adminB','',''),(22,'admin11','','$2y$10$ceCcot/nVdGMVGkINNkqlO1EqxHGj7lXDjRvmpES6j3sdtcfD5pEm','adminB','',''),(23,'admin12','','$2y$10$T2iCTIbAVE7drRFSLchVbO4MqTyYqp5iddbdWAeiiN/iBoU4vK2gm','adminB','',''),(24,'admin13','','$2y$10$Ays3aR.Qb7WiGNIjTuiwW.j3JYFgSUB/HHDwnHoeDW9Nm348xSDPy','adminB','',''),(25,'admin14','','$2y$10$swYsaLClDp0JL7eY0V.yfeSmb.Suk3yEfFMChV0cVCCpuWrdfMp.G','adminB','',''),(26,'admin15','','$2y$10$MP0xbw6bQIhlwqj9avsxlOzXvSDSri0rtd5pXR5Ibq1G.s3a7qJqS','adminB','',''),(27,'admin16','','$2y$10$gKzIF0f6C3vXEF.RgCM2xeDRvnfx/vi7w0KP10wUCJEMGc.3aCHq2','adminB','','');
